title_id,country_id
ts300399,233
tm84618,233
tm127384,77
tm70993,77
tm190788,233
ts22164,77
tm14873,233
tm185072,233
tm98978,233
tm119281,233
tm67378,233
tm44204,233
tm44204,77
tm69778,114
tm69997,233
tm96649,233
tm16479,233
tm135083,65
tm14491,233
tm89386,57
tm156453,233
tm27298,65
tm356209,105
tm204541,65
tm14350,65
tm102287,65
tm76557,65
tm71909,105
tm94651,105
tm19608,65
tm90896,62
tm90896,65
tm75975,105
tm97793,65
tm85426,65
tm188894,65
tm107372,105
tm200475,127
tm259855,75
tm259855,127
tm259855,38
tm259684,75
tm259684,127
tm259684,38
tm344089,105
tm358653,105
tm100027,105
tm100027,999
tm10204,105
tm403346,105
tm16812,105
tm336403,105
tm119776,233
ts20681,233
tm111075,233
tm180542,233
tm180542,110
tm138875,233
tm155792,95
tm155792,233
tm22327,77
tm22327,233
tm54450,233
tm2386,233
ts22082,233
tm145608,233
ts21715,77
tm41289,233
tm132694,233
ts20678,233
tm117580,233
tm20712,233
tm130586,233
ts25028,233
ts23753,233
ts2760,77
ts987,77
tm125985,114
tm40103,114
tm21953,233
tm152839,233
tm62924,77
tm114356,233
tm147829,233
tm126769,10
tm49037,114
tm159912,105
tm133914,77
tm38736,233
tm258072,233
tm52815,105
tm137013,233
tm157853,233
tm157603,105
tm45720,123
tm55091,233
tm151332,65
tm151332,75
tm24110,233
tm348735,105
tm51083,233
tm126791,65
tm186777,65
tm311264,105
tm172482,105
tm52274,75
tm52274,127
tm132164,233
tm342996,105
ts63001,233
tm411457,105
tm371359,105
tm446654,105
tm47673,65
tm419052,105
tm11556,233
tm11556,114
ts20981,233
ts22176,233
ts22176,38
ts21223,114
tm122434,233
tm106462,233
ts20339,114
tm57554,233
ts34435,114
ts20927,233
ts5145,233
tm192405,233
ts21567,233
tm55553,233
tm56574,233
tm192037,233
ts20983,114
ts22193,233
ts22193,38
tm191989,233
ts20960,233
tm65686,233
ts11397,233
tm54903,233
tm187187,233
tm191772,233
tm191848,57
tm191848,233
tm121879,233
tm44402,233
tm44402,57
ts22489,38
ts22489,233
ts25252,114
ts21034,114
tm53419,233
tm189764,233
tm9323,233
tm46173,233
tm19673,57
tm19673,233
tm24877,233
tm189433,233
tm189433,75
ts251477,114
tm1822,233
tm1822,114
tm187791,233
tm19494,233
tm10739,233
tm10739,38
tm113576,233
tm191387,174
tm191387,233
tm191387,31
tm6859,233
tm186589,110
tm186589,233
tm186589,75
tm191374,233
tm8446,233
tm8446,95
ts8570,233
tm21596,57
tm21596,233
tm48430,233
tm190835,114
tm192199,233
tm184205,233
tm12499,233
tm192431,233
tm56033,75
tm56033,102
tm56033,77
tm56033,57
tm190486,95
tm190486,233
tm61103,233
tm61103,57
tm117488,233
tm55732,233
tm191431,233
tm191431,95
tm17721,233
ts20939,233
ts21693,233
ts22286,114
tm190811,233
tm107659,233
ts21581,233
tm7135,233
tm7073,233
tm63514,233
ts20918,233
tm10811,233
tm188970,77
tm188606,82
tm188606,77
tm188606,233
tm188606,21
tm188606,57
tm128073,77
ts18465,77
tm64817,233
tm320211,77
tm189171,10
tm189171,68
tm67635,105
ts22080,75
ts22039,75
tm41525,157
tm7951,233
ts21684,13
tm55100,105
ts224786,49
tm204173,105
tm191614,65
tm191614,75
tm8859,105
tm424630,233
tm12876,105
tm52083,20
tm52083,75
tm52083,167
tm52083,127
tm9898,105
tm326102,105
tm12482,105
tm128925,105
tm52871,105
ts28516,10
tm62385,105
tm184502,105
tm7810,233
tm27601,105
tm8687,233
tm47530,105
tm105716,105
tm117873,105
tm189773,105
tm7032,110
tm7032,127
tm7032,20
tm7032,75
tm58893,105
tm340430,105
tm184326,105
tm110225,105
tm34391,77
tm21911,233
tm118438,105
tm62176,105
tm57169,233
tm57169,77
tm184224,233
tm44776,65
tm44776,75
tm104933,233
tm203186,127
tm256669,105
tm117840,65
tm117840,75
tm334788,105
tm110160,105
tm192301,105
tm110766,233
tm110766,75
tm110766,57
tm110766,183
tm118256,105
tm64729,233
tm314602,105
tm25389,105
tm42397,105
tm210754,225
tm449775,105
tm449775,999
ts4,233
ts9,233
ts26091,75
ts11,77
ts21469,233
ts288536,77
ts6495,233
ts22337,233
ts8308,233
ts22011,38
ts21465,233
tm33545,233
tm172683,233
ts17156,233
ts20573,77
ts12724,233
ts3371,233
tm92641,77
tm92641,233
tm102740,233
tm87484,233
ts20604,233
tm39030,77
tm39030,233
tm39030,32
tm39030,56
tm39030,57
tm78592,233
ts21511,38
ts21511,233
ts19036,233
ts19036,38
tm116324,233
ts32186,114
ts11313,114
tm34310,233
tm34310,57
ts21247,233
tm160815,77
tm160815,233
tm160815,13
tm78671,233
tm89036,233
tm86803,233
tm105329,233
ts20305,114
tm35463,233
tm84371,233
tm139658,233
tm79442,57
tm79442,68
tm79442,233
tm79442,75
tm131038,233
ts2230,233
tm154187,77
tm154187,233
tm154187,13
tm154187,57
tm133767,77
tm133767,233
tm88738,77
tm88738,233
ts17942,233
tm148270,233
tm93055,233
tm133374,233
tm26897,77
tm26897,233
tm109304,114
tm109304,233
ts22267,38
tm76066,233
tm90190,233
tm997728,233
tm29737,233
tm29737,57
tm84906,233
tm84906,109
tm84906,77
ts6644,59
tm142086,171
tm142086,114
tm142086,233
ts22018,233
ts30311,233
tm95252,233
tm136808,233
ts21197,77
tm195620,233
tm109137,233
tm84613,233
tm84613,77
tm173551,233
tm94606,77
tm94606,233
tm136308,233
tm82985,233
tm145593,233
tm150260,233
ts30313,13
tm119111,233
tm130647,233
tm130647,38
tm130647,75
tm32919,233
tm32919,57
tm23935,233
tm137143,77
tm137143,233
tm137143,57
tm28905,233
tm44486,233
tm39487,233
tm169949,233
ts35155,114
tm184913,233
tm118637,233
tm58382,233
tm40009,233
ts12787,114
tm154470,233
tm154470,57
tm154470,110
tm154470,77
tm22294,233
tm78067,233
tm148379,233
tm76428,233
tm21467,38
tm21467,57
tm21467,233
tm46436,38
tm46436,233
tm57190,233
tm37546,13
tm30205,95
tm30205,48
tm159310,233
tm159310,57
tm89592,233
tm167516,233
tm167516,57
tm79895,233
tm88045,233
tm111600,233
tm143938,233
tm31187,77
tm31187,233
tm141390,233
tm74780,233
tm150214,110
tm150214,233
ts21544,233
tm176528,75
tm176528,114
tm176528,233
tm102337,233
tm36188,77
tm36188,233
tm88382,38
tm88382,233
ts31263,233
ts31263,20
tm47523,233
tm24088,233
tm137362,233
tm177068,233
tm82442,233
tm82442,95
tm90864,233
tm101249,233
ts687,233
ts24028,77
tm142564,105
ts23752,114
ts21706,13
ts21740,114
ts30356,77
tm89684,233
ts31514,233
ts22005,38
tm183963,233
tm27268,233
tm81270,233
tm137342,233
ts21688,122
ts22318,110
tm161263,57
tm161263,233
ts12815,233
tm26638,233
tm55303,233
tm31189,233
tm165593,233
ts15986,77
ts26322,114
tm78767,233
ts98340,233
ts98340,38
tm36644,233
tm77649,233
ts33559,77
tm33113,233
tm33113,57
tm78189,22
tm78189,77
tm78189,233
tm43399,105
tm147211,77
tm147211,233
ts56549,233
tm29555,233
tm93225,233
tm93225,13
ts20398,13
tm86189,38
tm86189,233
ts21421,68
ts21421,77
tm104880,233
tm101334,233
tm135451,233
ts20526,233
tm186461,77
tm186461,233
tm186461,114
ts30083,114
tm141707,233
tm103095,48
tm103095,95
ts23835,191
tm83786,105
ts23808,233
ts27459,48
ts20544,114
tm27168,233
ts40702,198
ts30288,114
tm114476,233
ts21967,38
ts21967,233
ts12701,75
tm130574,233
ts21695,122
ts121176,233
ts1893,77
ts20535,233
tm160800,77
tm160800,233
tm160800,38
ts38159,75
tm22493,233
tm164557,95
tm164557,114
tm112381,233
tm71119,233
tm134235,114
tm86995,233
ts17028,114
tm137530,38
tm137530,77
tm137530,233
ts25765,114
ts3666,114
ts42914,75
tm100688,68
tm100688,75
tm100688,157
tm31290,38
tm36475,105
tm80059,114
tm53999,233
tm22636,38
tm30289,233
tm38896,233
tm29269,105
tm156001,233
ts21664,233
tm73058,105
tm76835,105
ts1464,49
tm48083,75
tm33981,38
tm80339,114
ts72322,49
ts52849,77
tm165259,233
tm97544,105
tm97544,38
tm97544,233
tm65142,114
ts14102,38
tm22342,233
tm24576,114
tm41508,233
ts74928,75
tm52352,233
tm170873,233
tm176297,105
ts74931,233
tm110923,183
tm110923,75
tm110923,137
tm110923,57
tm150521,95
tm75022,233
tm177687,114
tm22989,233
ts98252,233
tm156575,105
ts20358,233
ts44053,48
ts23319,77
tm91046,65
tm61056,105
tm138497,38
tm93612,114
tm81461,57
tm81461,234
tm81461,68
tm81461,10
tm32915,105
ts63295,68
ts63295,10
tm96037,114
tm36164,114
tm147494,114
tm31564,233
tm95238,233
tm95238,38
tm54147,233
tm54147,105
tm99776,233
tm30170,105
tm37945,105
tm25029,228
tm59880,233
tm34524,114
tm83175,105
tm65839,59
tm89936,122
tm22540,105
tm34846,114
tm32885,105
ts44663,75
tm82765,105
tm82765,233
tm170169,105
tm44749,65
tm47325,75
tm146887,105
tm144345,105
tm70222,105
tm92977,105
ts37200,75
tm98975,105
tm25842,233
tm43179,105
tm95434,95
tm23441,105
tm86051,105
tm44634,233
tm62369,48
tm62369,95
tm23077,105
tm31335,105
tm139349,233
tm85243,38
tm165809,105
tm89764,114
tm68191,57
tm51493,225
ts56589,122
ts1413,228
tm175687,233
ts98353,233
tm49405,114
tm96168,105
tm72587,105
tm88366,105
tm101684,225
tm38454,233
tm164389,105
tm77863,105
ts137477,233
tm138902,114
ts4866,228
tm149209,105
ts34414,49
tm147686,233
tm82718,225
tm39557,105
tm22558,158
ts204466,49
tm164591,105
tm106625,105
ts18653,105
tm352863,233
ts67595,49
tm29731,105
tm80455,105
tm84348,233
tm144835,233
tm129971,105
tm41953,77
tm103133,105
tm421611,65
ts29199,233
ts29199,77
tm155761,105
tm75544,105
tm29028,68
tm29028,43
tm29028,183
tm29028,20
tm29028,75
tm93004,105
tm23977,46
tm23977,10
tm78790,105
tm44530,105
tm102848,105
tm96595,105
tm56428,38
tm155774,57
tm155774,123
tm155774,183
tm155774,75
tm44378,46
tm97982,105
tm27484,105
tm145243,105
tm77348,105
ts178360,49
tm111226,105
tm237621,164
tm104349,122
tm152724,105
tm69694,65
tm105278,114
tm80487,233
tm33729,105
tm129763,105
tm130301,105
tm141117,105
tm35652,105
tm49865,105
tm254745,183
tm134140,105
ts82592,198
tm114504,105
tm76029,77
tm76029,75
tm76029,127
tm33067,105
tm103732,105
tm712151,247
tm98475,105
tm34924,95
tm101609,105
ts98316,77
tm216753,157
tm112235,105
tm101540,105
tm96052,10
tm134407,105
tm81864,95
tm346951,193
tm144263,105
ts124246,105
tm85689,105
ts12444,228
tm368679,105
tm897538,65
tm91323,105
tm36636,105
tm52176,105
tm178555,105
tm42831,105
tm135795,75
tm135795,127
tm254052,105
tm166293,105
tm99450,105
tm154375,105
tm241875,233
tm97325,105
tm85563,164
tm85563,77
tm85563,233
tm85563,12
tm85563,75
tm85563,57
tm95507,105
tm308960,77
tm154802,105
tm21155,127
tm21155,75
tm46867,105
tm140653,95
tm160596,77
tm160596,59
tm160596,166
tm160596,197
tm160596,56
tm76399,177
tm226362,999
tm456581,233
tm84316,105
ts39604,228
tm168869,13
tm352243,233
tm89012,65
ts19384,233
tm130999,105
ts23353,198
tm87672,158
tm27275,65
ts23797,228
tm85369,105
tm143510,105
tm311516,105
tm148041,105
tm152413,158
tm21956,218
tm21956,105
ts70843,228
tm57586,105
ts25707,198
tm91125,105
ts13411,233
ts8614,198
tm142153,105
tm100106,177
tm341561,183
tm91176,164
tm91176,233
tm145690,164
ts4924,228
tm88343,105
tm28024,177
ts188031,233
tm89054,999
ts29581,198
tm1077037,105
tm639940,233
tm404676,233
tm598375,105
ts82583,198
tm92671,95
tm252951,233
tm628693,105
tm340006,114
ts8175,77
tm170758,233
tm166064,233
ts20564,233
ts278,77
tm170442,233
tm41792,233
ts21580,233
tm50018,233
ts20660,233
ts21806,233
tm60292,233
tm60292,77
ts27680,77
tm164877,233
tm164877,68
ts21599,233
ts33338,77
tm166548,233
ts32835,114
tm32982,77
tm32982,233
ts17598,233
tm161802,167
tm161802,197
tm161802,233
tm158304,233
tm158304,2
tm72140,233
tm37153,233
tm160433,233
tm39896,233
tm178201,233
tm178201,77
tm59428,233
ts20457,233
ts20429,114
tm176356,233
tm176356,38
tm176507,233
ts6506,38
ts6506,100
ts6506,233
ts20458,59
ts20458,233
tm74848,38
tm74848,233
ts34087,114
tm68272,233
tm60844,114
tm160132,233
ts27468,233
tm172716,233
tm278681,233
tm40319,233
ts20556,233
tm173624,233
ts9794,233
ts20500,167
tm62210,114
tm167232,77
tm167232,75
tm167232,57
ts34151,114
tm178395,233
ts11151,114
tm173195,233
tm173195,100
tm173195,110
ts9246,114
ts20648,114
ts19779,233
tm175346,233
tm160371,233
ts7708,114
ts27586,114
ts18551,77
ts76614,114
tm174256,38
tm174256,233
ts34740,233
ts34740,38
ts22249,114
tm165995,233
tm168921,233
tm178323,233
tm106278,233
ts36647,59
tm72845,233
ts34921,114
tm59590,114
ts35426,77
tm174683,77
tm174683,233
ts27835,233
tm182586,122
tm39313,233
ts45996,13
ts55532,233
tm69386,77
tm38064,114
ts34737,157
ts21081,49
tm28171,233
tm161904,233
tm56296,233
tm171292,233
tm171292,38
tm183039,233
tm160361,233
tm34331,233
tm182125,105
tm238681,233
tm72251,233
tm72251,77
tm183547,38
tm183547,233
tm53034,233
tm174190,233
tm164353,105
ts81858,122
tm165712,77
ts158608,247
ts215037,233
tm68436,105
ts39093,233
ts26776,114
tm52062,233
tm176111,48
tm176111,95
ts33349,122
tm31739,233
tm170395,233
tm170395,247
tm170395,57
tm177258,105
tm177044,114
tm49451,233
ts191698,77
tm54780,114
tm176128,95
tm177958,105
tm40860,233
ts19165,233
tm63368,183
ts58528,233
tm183037,57
tm183037,105
tm183176,13
tm37175,233
tm181856,233
tm178106,105
tm175909,105
tm74031,105
tm57610,105
ts27875,191
ts6879,46
tm59289,105
tm53829,233
tm47171,105
tm65765,233
tm70528,247
tm161804,225
tm169128,233
ts39112,38
ts60663,198
tm630933,233
tm174518,105
tm180532,105
tm35700,105
tm67444,233
tm57382,13
tm172883,105
tm164090,233
tm71992,105
tm59372,105
tm160021,48
tm160021,95
tm54371,105
tm38013,105
tm39606,105
tm53395,233
tm66725,105
ts167724,77
tm48579,233
tm159593,105
tm34746,105
tm167241,105
tm161632,233
tm50798,75
tm31948,122
tm179451,105
tm162592,65
tm37573,95
ts41114,198
tm30278,105
tm33601,999
tm48239,105
tm56734,77
tm56734,164
tm166810,105
tm172353,105
tm169053,105
tm166740,105
tm34142,105
tm168751,127
tm38331,177
ts32460,228
tm44615,105
tm182026,105
ts32561,228
tm529723,105
tm60213,177
tm70652,105
tm42306,105
tm53360,105
tm69915,105
tm29400,177
ts69208,228
tm946846,2
tm946846,233
tm946846,127
tm339197,105
tm34646,177
ts99814,193
tm200838,999
tm481620,105
tm57256,105
ts44064,228
tm172211,101
ts128422,193
tm165932,105
tm172504,166
tm172504,233
tm172504,2
tm172504,183
tm224577,164
tm1077038,105
tm159623,177
ts39465,198
tm51412,233
tm235979,105
tm361958,164
ts37864,48
tm181366,127
ts20837,233
ts20110,77
ts20682,114
ts1639,233
ts20351,233
tm140389,75
tm140389,77
tm140389,233
ts11188,233
tm151663,233
ts20292,233
ts16045,233
tm169422,233
tm169719,233
tm140877,233
tm140877,77
tm171042,233
ts8146,233
tm148147,38
tm148147,233
ts21374,233
tm183523,233
tm176864,233
tm176864,57
tm176864,77
ts20248,233
tm134967,233
tm143227,233
tm160621,233
tm180572,233
ts14583,233
ts6,233
ts20108,233
tm148671,233
tm182429,233
tm153284,233
ts20823,233
ts20824,233
ts21367,233
tm151807,233
tm145655,233
ts20280,233
ts35682,13
ts20261,233
tm161525,38
tm161525,46
tm161525,233
tm175843,233
ts34950,114
tm181270,233
ts20791,233
ts20288,233
tm168400,233
ts2727,77
tm237143,233
tm176630,233
ts32218,233
ts20097,233
tm178712,233
ts314002,114
ts20281,233
ts20014,114
tm187979,233
ts35570,77
ts32271,103
ts4213,233
tm161282,233
tm165521,233
tm165521,77
tm184608,233
tm144046,233
ts20917,233
ts35282,38
tm161029,233
tm143474,233
tm140342,13
tm140342,233
tm141648,233
tm141648,77
tm141648,48
tm141648,38
ts20336,68
ts36836,233
tm142856,233
ts22426,114
tm181081,77
tm181081,13
tm181081,43
ts42168,225
ts98110,233
tm178211,233
tm144121,233
ts22383,75
ts22383,233
tm151447,77
tm151447,233
ts11794,233
ts11794,77
ts11794,38
tm154797,38
tm154797,122
ts20310,233
tm159796,38
tm159796,75
tm181533,233
ts35244,233
tm469911,12
ts82979,233
tm148976,233
tm143642,57
ts10206,38
ts20709,114
ts32060,233
tm162271,233
tm166628,233
tm171228,233
tm136601,233
tm143757,233
tm143372,114
tm71148,233
tm161562,233
tm161562,59
tm151716,233
ts22445,122
tm180599,233
ts20790,233
tm171965,233
tm185208,233
tm185208,31
ts20883,233
tm167944,114
tm149038,233
ts33590,233
tm159362,233
ts21368,225
ts2161,70
tm172710,233
tm157085,77
tm174289,233
tm187390,77
tm187390,233
tm187390,65
tm171929,233
tm147913,105
tm170919,10
tm170919,68
tm180643,38
tm180643,233
ts34066,13
tm152843,38
tm177223,233
tm152273,114
tm2269,189
tm138431,40
tm138431,77
tm152904,233
tm35895,31
tm176481,105
ts53641,233
ts37187,233
tm199408,77
ts58137,233
ts58137,38
ts58137,114
ts75104,179
tm144021,233
ts521,233
ts33840,114
tm168685,122
tm182275,183
ts88394,233
ts58010,233
tm182969,225
tm148910,105
tm143363,105
tm139617,233
ts83239,191
ts16117,225
tm158671,233
tm165504,48
tm165504,95
tm148662,238
tm148662,10
ts154625,75
ts76743,114
tm158980,105
tm148597,77
ts57744,122
tm145791,122
tm155291,105
tm156811,105
tm150033,114
ts75833,191
tm180802,233
ts3799,233
ts35628,38
ts20781,122
tm151210,233
tm149578,233
tm182534,233
tm360904,233
tm186054,105
tm235553,57
tm147518,31
tm183706,31
tm178513,105
tm182322,105
tm236725,77
tm153055,233
tm142630,105
tm185797,105
tm154729,105
tm148457,105
tm145627,105
tm158302,105
tm140334,233
ts121189,105
tm186161,105
ts34074,122
tm209037,46
tm348393,164
tm151927,105
ts122290,105
tm169669,177
tm175812,105
tm181550,105
tm228574,38
tm149914,233
tm145216,225
tm149747,157
tm140911,233
tm158692,105
tm137379,233
tm587320,68
tm160034,105
tm158436,233
tm172027,225
tm146657,103
tm146657,167
tm146657,247
tm146657,2
tm146657,77
tm146657,109
tm146657,102
ts82860,198
tm159819,177
tm183805,105
tm458034,233
tm175954,233
tm182227,233
tm159094,105
ts36127,233
tm157609,68
tm179328,999
tm151860,230
tm151860,233
tm151860,48
tm151860,57
tm151860,198
tm139922,233
tm184511,105
ts67797,233
tm157461,225
tm178992,95
tm144541,10
tm215339,233
tm177645,999
tm200926,2
tm200926,127
tm181092,105
tm183002,105
tm144557,225
tm205684,164
tm167107,105
tm143299,105
tm175753,105
tm185736,233
tm460055,233
tm460055,68
tm182580,127
tm157681,183
tm197423,164
tm162259,233
tm167342,105
tm169054,105
tm169294,177
tm178234,2
tm178234,127
tm132675,233
tm155014,38
tm188290,177
tm187505,177
tm155051,38
tm183654,95
tm176900,105
tm179248,105
tm158546,105
tm250364,999
tm157062,105
tm144451,247
tm171891,105
tm242276,105
tm187118,105
tm202914,233
tm159296,105
tm186408,105
tm156397,177
tm166723,177
tm155507,233
tm159701,233
tm163066,77
tm323262,114
ts20238,48
tm149541,233
tm181051,110
tm181051,183
tm181051,75
tm181051,57
tm146144,105
tm147908,105
tm150962,105
tm1194608,105
tm577690,164
tm136036,177
tm177224,105
tm1036195,183
tm142852,177
tm180738,105
ts32752,228
tm188108,233
tm147405,233
ts144527,198
tm157286,105
tm157783,105
ts107543,198
tm177376,233
tm145658,177
tm610571,105
tm176553,164
tm176553,233
tm175364,105
tm529733,105
tm138280,105
ts261583,164
tm175577,164
tm481846,999
ts8,233
ts36577,77
ts38796,233
ts21867,38
ts37143,233
ts35251,233
ts41766,233
ts36885,233
ts37539,114
ts37490,233
ts41961,233
ts42069,233
ts42069,77
ts37866,75
tm232579,171
tm243100,233
ts38304,230
ts36952,233
tm150928,233
ts35793,233
ts39007,233
ts35201,114
ts36147,233
ts36550,233
tm242705,20
tm242705,75
tm120108,233
tm120108,48
tm206698,233
ts38199,233
tm239727,233
tm199607,13
tm199607,233
ts53051,233
ts47714,38
ts21869,233
tm204163,233
tm135307,233
ts42170,77
ts70529,167
tm138905,233
tm137693,233
ts18010,233
ts38718,38
tm136465,233
ts42120,38
tm195209,233
tm195209,75
tm195209,77
ts36631,233
ts42062,75
ts41956,233
ts52922,233
ts36015,233
ts21981,233
ts38710,233
ts38710,38
tm120609,233
ts35253,38
ts35554,233
ts38090,38
ts38090,75
tm233377,233
ts42014,233
tm193769,77
tm193769,233
ts35563,233
ts36129,233
tm233425,114
ts42077,77
ts42077,110
ts42687,77
ts38734,77
tm143984,22
tm143984,77
tm143984,233
tm212927,233
ts53099,70
ts53664,103
tm143085,157
tm143085,247
tm143085,233
tm209987,233
ts42022,10
ts38415,38
tm137002,105
ts43209,57
tm239676,233
ts42169,114
ts41289,77
tm138297,233
ts38511,233
tm245271,114
tm134791,233
ts21986,233
ts41149,233
ts52829,77
tm135106,233
ts35775,233
ts41975,233
tm196125,233
ts41490,233
ts36177,13
ts37464,167
tm196296,68
tm196296,233
tm196296,77
ts37971,233
ts21885,233
tm233214,77
tm233214,108
tm233214,113
tm233214,187
ts38783,13
tm219233,77
tm219233,233
ts36983,233
ts41963,233
ts52838,31
ts38204,233
tm199700,57
tm199700,77
tm199700,233
tm199700,20
tm199700,59
tm200126,38
tm200126,233
tm132273,233
ts36046,233
ts36545,233
tm139532,233
ts36856,233
tm219248,233
tm220594,230
tm220594,77
tm220594,233
ts35362,68
tm239743,233
tm138614,233
tm205890,233
tm205890,75
tm205890,134
tm205890,77
tm139841,77
tm139841,233
tm139841,38
tm233521,233
ts35354,233
tm244788,233
tm208622,233
tm208622,43
ts38758,114
tm204035,233
ts41913,233
tm134516,48
ts42655,13
ts3844,233
ts53287,233
tm136321,233
tm233465,233
ts42156,38
tm136257,233
tm136257,82
ts41906,114
ts38116,114
tm140843,233
tm238722,233
ts35256,233
ts53249,233
tm239683,233
tm147082,233
ts42043,114
tm206512,233
tm200690,233
tm155102,77
tm155102,233
tm205812,102
tm205812,247
ts35577,114
tm235405,38
tm245378,233
ts52830,233
tm225308,38
tm225308,57
tm225308,77
tm230551,95
tm230551,48
ts38731,77
ts38731,102
ts42127,77
tm138672,233
ts41948,38
ts38809,233
tm253083,233
tm316731,233
tm244403,233
ts79799,233
tm139194,233
tm139194,38
tm245671,105
tm235227,233
tm233317,233
tm239733,101
ts38568,233
ts37944,75
ts42137,233
ts35987,233
tm123789,233
ts53155,77
ts38770,233
ts42038,233
tm244381,38
tm233533,233
ts42119,233
ts76079,75
tm166321,233
tm214825,233
tm238661,233
tm238661,38
tm238661,77
tm142881,233
tm243121,233
tm270504,77
tm239707,233
tm242736,233
tm267948,68
ts41995,13
ts76956,13
ts54028,109
tm208903,38
tm208903,233
tm136061,75
tm136061,77
tm201222,197
tm201222,38
tm201222,70
tm201222,75
tm201222,57
tm215638,22
tm205437,233
ts78325,233
tm247642,59
tm247642,233
tm219276,233
tm135543,233
tm135543,75
tm233544,233
ts11670,233
ts42090,233
ts86021,75
ts42257,122
ts35406,38
ts128895,114
tm245724,75
tm138792,233
tm244880,38
tm244880,233
ts37660,122
ts119087,36
ts41258,122
tm308241,233
ts81483,75
tm221225,77
ts37896,77
ts52943,122
ts21979,75
tm205870,75
tm244052,233
ts36547,157
ts84398,105
ts77654,233
tm232953,233
tm240007,233
tm233493,233
ts39014,114
tm140436,137
tm140436,233
ts38764,75
ts54110,102
ts54156,233
tm213681,122
tm228242,233
ts38230,191
ts51368,233
tm209950,233
tm205935,77
tm205935,233
tm244134,233
tm271070,38
tm271070,48
tm271070,75
tm267135,31
tm233616,233
tm211510,233
tm157283,157
tm219173,233
tm244507,10
tm244507,68
tm218052,105
tm214085,233
tm229542,233
tm335263,999
ts66540,102
tm253080,75
tm241314,233
ts75829,233
ts56674,233
tm282915,114
ts35360,38
ts35360,233
tm246870,38
tm246870,233
ts35359,57
ts35359,13
ts35359,75
tm266844,233
ts37779,77
tm238748,233
tm193125,233
ts42089,233
ts42075,225
ts43272,114
tm300713,114
ts41883,122
ts36630,233
ts41260,122
ts39017,233
tm229140,233
ts38757,233
tm290444,122
tm200454,105
ts35596,233
ts144323,233
tm275800,10
tm275800,68
ts42218,49
ts38512,233
tm233561,77
tm232950,202
tm232950,56
tm139870,233
tm266628,233
ts41294,103
tm267429,233
ts43501,77
ts42628,233
ts36740,233
tm233344,105
ts53076,233
ts53106,114
ts53106,233
ts41253,48
tm244915,105
ts38717,114
tm239947,233
tm236999,68
ts58068,77
tm218186,233
tm242755,233
ts38805,13
tm193388,105
tm242002,233
ts52988,233
tm220317,233
tm201365,105
ts38761,122
tm244638,233
tm232954,233
ts56748,233
tm225275,233
tm227922,233
ts43230,13
ts56032,49
tm272413,233
ts55559,233
tm244513,187
tm244513,75
tm234136,12
ts75324,49
tm239762,233
tm132524,233
tm245297,233
ts54100,233
ts54100,110
tm224377,177
tm217939,75
tm193211,225
ts31593,122
tm234292,157
ts74917,13
ts35463,233
tm281182,233
tm242422,75
tm245148,233
tm272854,105
tm350159,164
tm224275,187
tm224275,183
tm224275,2
tm224275,75
tm224275,113
tm224275,127
tm195764,233
tm211478,105
tm195870,233
tm246056,233
ts55966,233
tm240895,233
tm246579,233
tm243849,233
tm211461,137
tm211461,75
ts86831,103
tm239290,177
ts74753,13
tm233157,48
tm230524,31
tm238829,233
tm238829,38
ts53065,122
ts54010,122
tm242687,166
tm246175,197
ts38772,122
ts83224,166
ts53149,122
tm240162,105
ts57705,98
tm242646,68
tm242646,75
tm225675,233
tm233023,233
tm197503,105
ts74929,75
tm220473,233
tm225693,233
ts54022,114
ts43258,105
ts55365,122
tm199987,233
ts42011,38
tm241998,105
tm421855,233
tm231314,68
ts55223,13
ts41154,68
tm227029,68
ts41899,122
ts82327,191
tm244559,197
tm244559,233
tm245102,68
ts35505,12
tm201906,75
tm201906,20
tm248010,164
tm239774,233
tm252245,212
tm252245,77
ts56221,48
tm245235,233
ts38812,233
tm232832,167
tm232832,197
tm227042,105
tm243931,31
tm233843,105
ts43341,114
ts82582,198
tm215054,233
tm247644,57
ts38769,233
ts42155,233
tm526163,105
tm239739,105
ts52981,233
ts87465,77
ts52825,48
ts107658,114
ts107658,233
ts42260,233
ts43119,233
tm311494,110
tm221883,38
tm233196,233
ts127430,233
tm376111,233
tm246543,84
tm246543,75
tm227523,164
tm321189,10
tm219699,105
tm270555,233
tm270555,12
tm316567,114
tm321785,105
tm283938,189
tm228839,225
tm272012,38
tm219817,105
tm230426,233
tm239769,233
tm208628,105
tm66466,105
tm228657,166
tm245155,2
tm232930,105
tm245722,233
tm245911,68
tm244079,157
tm266629,233
ts52950,228
tm215911,105
tm232855,177
tm257629,233
tm234773,77
tm208713,105
tm218683,999
tm234466,31
ts78442,233
tm340927,105
tm311456,225
tm238717,193
ts42347,233
tm233015,105
tm211273,233
tm230927,233
tm273933,233
tm245293,105
tm270982,166
ts51367,38
tm274053,233
tm137557,77
tm315345,40
tm207668,105
tm193378,233
ts21876,48
tm275726,157
tm307997,57
ts55556,228
tm149212,75
tm149212,184
tm149212,197
tm149212,59
tm149212,31
tm239933,157
tm327551,68
tm327551,59
tm233366,105
ts75897,233
tm263743,101
tm494288,164
tm247631,225
tm271974,57
tm246485,105
ts42432,122
tm267017,197
tm244842,177
tm247444,105
ts91990,233
tm227044,105
ts81898,13
ts81898,77
ts38813,13
ts38813,233
ts38813,77
tm138584,105
ts42371,38
tm224255,127
tm224255,187
tm267419,233
tm155382,105
tm239764,233
tm240733,68
tm266622,233
tm244758,77
tm232931,233
ts83454,228
tm217986,105
tm451222,198
tm233648,999
tm247767,225
ts53346,233
tm375681,48
tm375681,95
tm452046,166
tm238486,233
ts224440,75
tm232267,233
tm203056,225
tm272484,233
ts81027,122
ts86089,122
tm198496,233
ts41151,114
tm201855,105
tm215265,75
tm215265,57
tm215265,183
tm240728,233
tm233463,225
tm290157,77
ts83450,228
ts53017,48
ts54117,38
tm271839,233
tm232710,177
tm234703,157
tm134052,105
tm234069,225
ts53543,122
ts82475,198
tm278279,233
tm212968,233
ts41485,225
tm211571,225
tm230478,233
tm244923,225
tm350374,178
tm233570,177
tm554110,164
tm533845,233
ts84542,122
tm242906,105
ts253685,158
ts36634,48
tm236705,157
tm232947,77
tm232947,105
tm233121,225
tm245791,101
tm244577,48
tm409220,164
tm549892,2
ts285233,158
tm239635,77
tm319354,114
tm319354,233
tm319354,38
ts87884,164
tm257141,233
tm244635,46
tm244635,75
tm198842,225
tm211424,105
tm421214,193
tm286268,233
tm313374,56
tm244380,177
tm540757,105
tm267112,75
tm245042,105
tm198786,177
tm226320,225
tm424879,114
ts36741,191
tm214589,177
ts35963,48
tm279828,177
tm571645,233
tm247159,241
tm295349,157
tm205333,177
tm231911,177
tm139590,95
tm283909,177
tm407961,164
tm207734,233
tm247396,233
tm811691,77
tm242745,233
tm225416,233
tm282988,57
tm246810,105
ts249161,65
tm252609,164
ts248736,164
tm562821,2
tm244041,77
tm244041,166
tm272666,177
tm219739,177
tm860487,233
ts53513,228
tm232090,233
tm317850,164
tm235005,38
tm235005,164
tm296203,225
ts83535,75
ts83535,191
ts83535,233
tm350727,2
tm245050,164
tm212909,177
ts38703,122
ts83449,228
ts56544,158
tm271333,177
tm421382,105
tm368725,189
tm234735,105
tm239078,233
ts53864,233
ts77795,77
ts56683,233
tm239091,38
tm239091,100
tm239091,157
tm239091,68
tm239091,77
tm239091,233
ts55668,57
tm310953,233
tm232797,233
tm232797,75
tm232797,166
tm232797,77
tm244259,75
tm244259,77
tm244259,233
tm315344,38
tm315344,233
tm315344,48
ts53023,233
ts81064,233
ts42405,233
tm318206,233
ts83970,233
tm315174,233
tm315174,77
ts81294,233
ts78305,68
ts78801,233
ts79813,233
ts77398,233
ts56768,68
tm344989,233
ts57120,233
tm287684,77
tm287684,38
ts81884,77
ts75151,233
ts54102,233
ts75097,233
ts84785,233
tm244220,77
ts42477,57
ts81208,233
ts58433,233
ts57850,233
ts53663,38
tm244364,13
ts79229,233
ts77955,233
ts75879,233
tm420745,38
tm420745,233
ts57465,233
tm232500,233
ts54054,233
ts55982,38
tm350379,75
tm350379,38
tm363103,38
ts58133,233
tm425889,233
tm244174,122
tm244174,233
ts53545,233
tm350,233
ts84328,13
ts53198,233
ts76243,77
ts58367,77
ts55720,233
ts77852,233
ts78430,77
tm210043,233
ts56261,233
tm226948,233
ts82849,233
ts74809,233
ts56969,233
ts58155,38
tm288499,157
tm288499,233
ts76458,70
tm299741,77
ts39015,233
tm244191,233
ts74816,233
ts52821,77
ts77563,233
ts80856,233
tm272060,20
tm272060,75
tm272060,77
tm233482,105
tm233482,48
tm233482,233
tm233482,77
tm271951,233
tm271951,77
tm311815,233
tm371380,233
ts76869,114
ts82526,233
tm310899,77
tm310899,233
tm310899,13
ts72247,233
tm266666,233
tm435086,38
ts82189,114
tm267401,68
tm239286,233
tm273294,233
ts74823,233
tm414285,233
tm244192,233
ts77197,233
tm419595,122
tm346943,233
ts76865,114
tm371900,77
ts312241,233
ts121489,233
tm270895,20
tm270895,75
tm270895,233
ts55781,20
ts55781,75
ts87369,38
tm374132,233
ts78080,233
tm244175,77
tm244175,233
tm244175,56
ts58307,38
ts55645,233
tm319818,77
tm319818,233
ts78558,233
tm313683,68
ts79926,77
ts56648,233
tm244332,233
tm315340,101
ts42294,233
ts84010,13
tm414887,233
ts80035,233
tm420348,233
ts57055,233
tm244206,233
tm434202,77
tm280828,233
tm366567,233
tm310706,233
tm410435,233
ts56480,77
tm307283,13
ts82597,233
ts55962,233
tm244229,110
tm244229,68
tm244229,75
ts75164,233
ts78452,77
ts75263,233
ts85568,57
tm357589,77
tm357589,233
tm357589,75
tm317542,233
ts80705,233
tm321703,233
tm300615,233
tm244233,233
ts81344,233
tm349803,233
tm349803,38
ts82228,114
ts81331,233
ts55798,122
ts78356,59
ts86169,233
tm227940,13
tm243326,233
tm243326,77
ts84280,114
tm244197,182
tm244197,233
tm244197,77
tm244197,48
tm368449,233
tm211554,198
tm211554,233
tm211554,77
tm211554,101
tm211554,38
tm211554,48
tm363248,233
tm362881,114
tm232673,233
tm232673,77
ts77957,233
ts84904,13
ts83999,77
ts57303,233
tm411311,77
tm299677,233
ts58025,233
ts82302,233
tm449070,77
tm449070,233
ts85895,191
ts56511,68
ts57822,77
tm363488,233
tm221953,105
tm435916,233
tm233362,233
ts79546,114
tm362098,233
tm346467,233
tm433381,68
tm412550,233
tm315424,77
tm315424,233
ts84533,233
tm499724,164
ts75772,77
tm414220,233
tm414220,38
ts77518,114
ts79234,233
tm139545,233
ts77824,233
tm314477,68
tm420274,13
tm434008,233
ts80720,48
ts57439,233
tm317566,233
tm417496,233
tm367065,77
tm367065,233
tm367065,198
tm426274,233
tm433228,77
tm244325,77
tm244325,57
ts75157,233
tm316414,233
tm311921,233
tm370212,95
tm370212,109
tm370212,233
ts58152,68
ts84779,233
tm410742,110
tm410742,43
tm410742,75
tm281935,233
tm323634,233
tm139885,233
tm139885,75
tm139885,108
ts56038,233
tm349278,38
ts84574,233
ts56481,233
ts82560,171
tm348993,167
tm348993,233
tm348993,109
ts55231,233
tm285107,77
tm285107,233
ts88783,114
tm414962,101
ts57814,114
ts113109,77
ts85138,233
ts57424,75
tm240076,233
ts82281,114
tm217228,233
ts77474,122
tm244307,233
tm298846,233
tm412623,77
tm298339,102
ts57964,233
tm245176,107
tm245176,77
ts78298,122
ts83251,233
ts55194,233
ts84335,179
tm351101,68
tm351101,75
tm299504,68
tm321224,233
tm359978,122
tm306301,75
tm306301,233
ts57947,20
ts53936,225
ts83763,77
tm298084,100
tm244148,77
tm244148,233
tm436470,233
ts82892,77
tm219259,38
ts79422,233
ts80523,114
ts83561,225
tm375912,77
tm244317,233
ts78382,233
ts86296,77
ts41527,233
tm292837,68
tm414709,57
tm414709,38
tm414709,233
ts78507,233
tm321295,233
tm233294,233
tm328443,122
tm324155,233
tm289181,233
ts89538,68
tm370436,171
tm351216,233
tm318200,233
ts57464,233
ts228255,75
ts58175,233
ts77525,233
ts58225,233
ts84243,110
ts78231,233
ts56594,233
tm370232,233
ts57080,233
tm439484,233
tm271960,233
tm349800,233
tm352588,233
tm219258,102
tm219258,38
ts57082,77
ts53101,122
ts81885,233
tm411415,233
tm406881,233
ts77783,114
ts79020,77
tm307910,233
ts77799,233
tm368241,233
ts75749,122
tm321596,233
ts86945,233
ts84056,68
ts89069,59
ts89069,233
ts76417,20
ts86814,233
ts85968,182
ts85837,122
ts76313,13
ts75355,110
tm308090,233
tm271959,233
tm411507,233
tm245937,233
ts83745,233
tm423373,105
ts76486,122
ts82372,233
ts79045,233
ts81757,157
tm409766,77
tm409766,233
tm322243,38
tm322243,233
ts55491,233
ts77600,233
tm406111,77
tm406111,233
tm300054,68
tm357479,22
tm357479,233
tm232965,233
ts80411,122
tm431347,233
tm285356,117
tm285356,233
tm368040,233
tm368040,77
tm368040,68
ts78217,68
ts78299,233
ts75002,167
tm285340,233
tm1883,48
tm1883,233
tm1883,68
ts76753,122
tm324870,233
tm284015,75
tm284015,79
tm284015,57
tm326624,77
tm326624,233
tm326624,59
tm300184,77
tm411958,233
tm270999,233
ts77755,233
tm307612,233
tm320255,218
ts56201,38
ts88234,77
tm425138,114
tm241990,114
ts53960,114
tm353742,22
tm353742,233
ts81414,48
ts77014,225
ts56993,197
tm429163,68
ts81542,38
ts83232,179
tm311789,233
ts82268,105
tm359103,114
ts86164,114
ts9075,233
tm315584,114
ts83790,122
ts57811,114
tm407827,166
tm407827,20
tm348003,22
tm348003,233
ts85686,171
ts83360,122
tm266652,114
ts95569,233
tm285295,233
tm317110,122
tm324124,233
ts78590,31
ts77520,114
tm244519,48
tm244519,233
tm244519,38
tm260272,233
tm347530,233
ts85170,122
ts90594,233
tm312577,114
ts83502,75
tm344886,103
tm344886,137
tm344886,233
tm344886,22
tm344886,77
ts85034,233
tm365122,233
tm365122,2
ts83537,179
tm320670,75
tm320670,134
tm320670,233
ts79157,114
ts81918,233
tm367250,166
ts56718,233
ts80959,105
ts53693,77
ts75477,233
ts131579,20
tm425732,233
ts85175,218
ts83071,31
ts77545,233
ts83540,233
ts236347,114
tm416105,233
ts78206,122
ts84135,157
ts79026,77
tm285171,233
ts56045,57
tm311995,122
ts87194,13
ts68146,77
ts76603,114
ts84930,75
ts78246,77
tm298779,114
ts81526,75
ts81583,122
tm319882,77
tm420656,77
tm420656,233
tm420334,233
tm368538,75
ts55581,122
tm357820,233
tm244521,233
ts56933,171
ts84645,233
tm419733,233
tm315850,233
tm324820,114
tm324820,75
ts74962,38
tm296398,122
ts79997,122
tm438502,68
ts75676,68
tm365824,105
tm436844,233
tm359150,20
tm359150,75
tm359150,110
ts58297,38
ts55939,197
ts86994,77
tm351931,77
tm285649,225
tm285649,233
ts53264,122
ts309731,68
ts309731,110
tm306811,233
tm306811,13
ts85822,105
ts80617,225
tm372318,75
tm351214,233
tm347821,233
ts81821,49
ts82705,31
ts82705,38
tm429208,38
tm429208,48
tm327199,233
tm352774,233
ts321277,233
ts84646,59
tm313974,233
ts56033,49
ts85515,218
ts70631,114
tm305437,233
tm369179,233
ts78291,57
ts57985,233
tm307515,68
tm307515,233
tm412273,999
tm219252,233
ts80600,157
ts55232,114
ts79182,68
tm290831,233
ts85967,233
tm434917,75
tm445735,233
ts78031,179
ts56670,233
ts86682,233
ts75286,233
ts82218,114
tm245383,233
tm349529,51
tm349529,233
tm374454,38
tm407714,75
tm374313,247
tm374313,77
ts55978,114
ts82770,68
ts75341,114
ts83906,233
tm244368,233
tm266702,75
ts82565,191
tm323195,233
ts78789,114
ts92825,233
tm322569,233
ts56125,157
ts89130,68
ts79660,38
ts79660,77
tm406831,114
ts39016,233
ts80519,233
tm408941,102
ts75981,77
tm305112,122
ts81318,103
tm363231,114
ts79219,233
tm427465,233
tm445899,233
tm445899,179
tm139564,233
tm263427,68
tm263427,57
tm313487,233
ts79409,114
ts53399,48
tm443993,68
ts90596,38
ts90596,233
ts90596,102
tm437608,233
ts77787,114
tm336712,233
tm307950,233
tm236659,233
tm327540,233
tm327540,38
tm327540,77
ts82127,114
ts78353,122
ts103638,233
ts77034,48
ts86949,77
tm293867,233
tm266685,233
tm839847,233
tm370392,233
tm285298,233
ts76511,77
tm404475,233
ts55348,233
ts80208,68
tm448122,233
tm299761,68
tm440415,233
tm362074,109
tm362074,197
tm362074,20
tm358666,43
tm358666,57
ts82559,233
ts82559,77
tm233485,233
ts80466,77
tm266705,68
ts80090,114
ts80313,233
ts90994,233
tm427293,68
tm327053,31
tm405849,48
tm405849,114
tm326723,233
ts84346,233
ts84346,157
tm238377,233
tm366820,233
ts84833,157
tm313988,233
ts84932,31
tm312767,233
tm320817,105
ts81734,48
tm370628,233
tm405738,10
tm405738,68
tm371952,105
ts77405,122
ts79679,225
tm417440,68
tm327622,233
tm430104,122
tm443186,233
ts78053,114
ts80057,114
ts111582,68
tm313293,233
tm349138,233
tm376801,233
tm424032,68
tm424032,10
tm358242,233
ts80413,122
tm409618,233
tm244274,233
ts85659,233
tm376840,233
tm372891,233
ts82298,122
ts54050,233
tm443034,68
tm318641,233
ts57196,77
tm314829,233
tm366973,233
tm295177,68
tm420797,233
ts77770,114
tm406098,59
tm406098,166
tm406098,167
tm406098,197
tm374845,114
tm359714,233
tm314705,233
tm325102,233
ts78913,122
ts55936,122
tm413557,114
tm363787,233
tm371630,57
ts84597,233
tm355724,233
ts76478,122
ts78767,110
tm356563,171
tm356563,77
tm356563,57
tm420989,233
ts85732,233
tm348010,233
tm357552,233
tm300027,68
ts82875,114
tm414676,31
tm437631,233
tm408890,68
tm426569,10
tm426569,68
tm426569,234
tm404690,233
tm320249,233
ts80059,77
ts83814,49
tm286532,57
ts36650,68
ts57300,233
ts56636,122
ts84780,49
tm375729,48
ts75012,114
ts82296,122
ts57148,233
tm311319,95
tm311319,48
ts83359,122
tm270490,233
tm358949,38
tm358949,233
tm408104,77
ts79330,77
tm428073,68
ts85202,233
tm429377,233
tm330869,77
tm330869,233
tm350607,38
tm350607,233
tm417317,105
ts83457,68
ts83457,233
tm407295,233
ts82181,114
tm282910,114
ts53516,233
tm429984,134
tm429984,38
tm429984,75
tm419496,105
tm344173,233
ts82375,114
ts95274,75
tm362180,233
tm294581,233
tm313120,233
ts118696,122
ts82398,233
tm477838,115
ts116101,77
ts82867,233
ts83554,233
ts58442,122
tm374216,233
tm232464,105
tm367473,75
tm361743,122
tm361743,75
tm361743,114
tm413049,48
ts80030,233
tm311193,65
tm307761,105
ts84977,233
tm371959,233
tm320206,233
ts82424,233
tm408306,38
tm422715,105
tm301024,75
ts83247,233
ts80410,114
ts79856,114
ts76509,233
ts90880,110
tm418870,75
tm418870,20
tm370447,68
tm425884,233
tm429382,233
tm322210,68
tm313748,233
ts80084,114
ts86279,233
tm244300,57
ts77467,114
tm366143,103
tm432838,68
tm463806,233
tm313712,105
ts80042,38
tm244287,105
ts75718,233
ts75620,122
tm299764,157
tm299764,68
tm407775,75
tm334949,57
tm409942,75
tm238587,233
tm238587,57
tm238587,247
tm410748,233
tm413955,59
tm376015,233
tm346334,77
tm346334,109
tm434727,233
tm409817,75
tm409817,105
tm307776,105
tm372917,110
tm372917,43
tm372917,236
tm372917,75
tm372917,57
tm426202,233
tm367008,233
tm270987,75
tm270987,38
tm328175,75
tm359713,233
tm366019,177
tm353046,233
ts76159,38
tm321627,13
tm311283,233
tm368441,105
tm244292,57
ts76793,233
ts85236,164
tm368310,57
tm368310,167
tm368310,174
tm411358,233
tm300056,68
tm344336,75
tm372054,68
tm405901,233
ts55627,233
tm350887,38
ts89067,114
ts78145,233
ts83407,233
ts85953,233
ts84799,68
ts83213,48
tm415875,75
ts57291,114
tm372305,233
tm515157,233
tm376234,68
tm441198,233
tm366590,105
tm366590,233
tm418039,233
tm371212,38
tm366972,122
tm411288,233
tm411288,164
tm244321,157
tm244321,233
tm358746,38
tm340587,105
tm359975,122
tm852185,105
tm444469,198
tm444469,177
ts85810,2
ts85276,122
tm374357,13
tm321073,105
tm352033,57
tm352033,110
ts85126,233
ts85217,233
tm421776,233
tm314295,166
tm314295,233
ts89372,122
ts83489,31
tm327708,105
ts79988,114
ts78692,233
tm233484,48
tm440678,122
ts84782,122
ts84782,233
tm242108,233
ts82419,233
ts95011,233
tm348568,233
tm320727,233
ts80342,177
tm365961,233
tm299783,68
tm427143,233
ts80479,122
tm375962,31
ts74765,105
ts90869,233
tm299381,68
tm320489,57
ts58480,233
tm138667,105
tm280060,233
tm363922,191
tm363922,190
tm363922,179
tm349273,225
ts92726,77
tm347850,233
ts224746,10
tm410298,75
tm410298,110
tm368729,105
tm441060,233
tm434676,233
tm346939,233
tm244196,105
tm438995,233
ts83070,233
ts85618,233
tm354644,68
tm440996,233
tm242765,13
tm348073,233
tm307751,105
tm273600,114
ts81596,2
ts81596,193
ts81596,212
tm464542,105
tm445456,105
tm481188,164
tm309903,77
tm309903,57
tm309903,59
tm309903,166
tm424888,157
tm317491,105
tm355666,233
ts74959,13
tm331117,20
tm331117,75
tm409494,233
tm348392,77
tm348392,233
tm348392,103
tm348392,110
tm348392,174
tm375007,233
tm411467,75
tm416620,75
tm416620,68
ts81485,233
ts82445,48
tm357272,233
ts78099,13
ts78099,233
tm446987,77
tm307551,77
tm349752,233
ts85183,31
ts84484,233
tm359658,101
tm311898,38
tm311898,233
tm421748,105
tm429174,75
tm429174,68
ts83045,48
tm361770,233
tm375547,68
ts78707,233
ts76245,157
tm279585,233
tm307774,105
tm411503,233
tm363329,38
tm326704,105
tm359030,999
tm327652,233
tm321628,13
tm348175,102
tm416458,157
tm352865,999
ts79086,233
tm437159,233
tm446206,102
tm446206,38
tm324278,233
tm348845,233
tm353627,233
ts84200,233
tm439854,105
tm299396,68
tm300447,233
ts82192,31
tm306631,233
tm440255,179
tm414595,233
tm353247,105
tm426983,12
ts82323,228
tm411313,179
tm411313,43
tm411313,6
tm411313,110
tm372610,77
ts55533,157
ts76949,38
tm307843,105
tm365670,174
ts82843,233
tm376903,46
tm376903,10
tm358609,68
ts75887,77
tm376421,114
tm233360,103
tm319310,105
tm283559,179
tm447328,233
tm233345,233
tm283322,233
tm358813,233
ts90941,10
tm429186,68
tm371619,198
tm371619,101
tm371619,158
tm287041,117
tm424162,228
tm538868,105
tm423761,233
tm409456,105
tm372662,68
tm428597,233
tm372486,57
tm370440,233
tm324204,105
tm324204,157
tm348467,75
tm348467,10
tm324806,233
tm373873,233
tm414447,228
tm324588,233
tm413418,105
tm348919,77
tm445255,105
tm367264,56
tm367264,233
tm423950,157
tm351720,20
tm351720,77
tm351720,233
tm324042,77
tm324042,233
tm350116,105
tm835357,157
tm447750,114
tm314939,247
tm418894,157
tm279017,233
tm558730,233
tm344995,77
tm426117,110
ts84644,233
ts83925,10
tm372969,105
ts83820,218
tm300440,75
ts55484,122
ts81856,31
ts76771,233
tm299730,122
ts84179,233
ts79585,233
tm351201,225
tm408871,68
ts222363,122
ts75750,122
ts76540,77
tm362264,229
tm412489,187
tm412489,223
tm412489,20
tm412489,75
tm361588,38
tm307767,105
tm314272,31
tm364206,31
tm413082,233
ts84555,157
tm446424,38
tm327219,233
tm424898,157
tm424898,70
tm316658,233
ts86067,233
tm349656,10
tm349656,31
tm349656,59
tm349656,75
tm349656,57
tm349656,179
tm372061,105
tm416121,101
tm350971,174
tm445153,105
tm995893,183
ts82085,114
tm438994,233
tm428453,228
tm428453,233
tm428453,48
tm428453,75
tm360618,79
ts229123,105
ts83204,77
tm363003,233
ts83663,228
ts75491,233
ts82564,114
tm295558,46
tm295558,166
tm295558,75
tm440946,38
ts83430,114
tm463827,75
tm414746,157
tm432327,105
tm356684,20
tm356684,68
tm275437,233
ts80859,48
tm492277,101
tm431928,105
tm407318,157
tm408892,68
tm408892,110
ts75357,233
tm320785,233
tm430426,65
tm362121,166
tm362121,157
tm320144,105
ts84330,218
ts79707,10
tm318492,225
tm434883,77
ts93947,13
tm374226,233
tm337040,233
tm446574,38
tm446574,247
tm446574,233
ts82631,218
tm323907,38
tm323907,233
tm316923,101
tm348386,233
ts81827,233
tm315865,31
tm285329,233
tm363181,105
tm325433,10
tm325433,68
tm326773,68
tm407730,101
tm370430,157
tm370430,233
ts84167,228
tm309115,105
tm436266,171
tm428483,177
tm416341,114
tm411257,233
tm451171,164
tm435487,101
tm327951,101
tm417111,174
ts81886,233
tm425748,249
tm430057,12
tm430057,107
tm430057,233
tm353875,31
tm313472,10
tm430496,233
ts77219,122
tm444043,38
tm374656,233
tm317274,177
tm366025,75
tm321149,31
tm299771,75
tm369433,105
tm313424,105
tm352705,77
tm328052,75
ts75320,228
tm351171,225
tm326270,233
tm429567,233
tm336227,247
ts57913,122
tm285712,233
tm415245,158
tm322200,68
tm407349,31
tm430090,186
tm360945,105
tm299790,233
ts82887,114
tm361505,38
tm345767,68
tm294696,225
tm363088,77
tm319512,68
tm432313,105
tm413129,177
tm316744,233
tm412515,110
tm412515,10
tm443283,233
tm420311,31
tm449860,164
ts77011,114
tm314677,157
tm434179,68
tm415938,157
tm351688,233
tm444257,105
tm444907,105
tm275004,38
tm421335,233
tm326089,105
tm431760,158
tm461349,233
tm435144,233
tm444564,157
tm409376,49
tm436171,10
tm430748,105
tm443073,233
ts81632,228
ts83710,233
tm356666,233
ts78757,233
tm422359,177
tm431275,65
tm352951,177
tm362047,233
tm323300,233
tm357708,122
tm444821,110
tm351505,122
tm408257,10
tm408257,233
ts272185,122
ts53166,233
tm435333,114
tm411856,233
tm358188,157
tm684591,2
ts57281,233
tm345225,105
tm443537,105
tm311902,233
tm364417,179
tm368350,75
tm368350,105
tm368350,198
tm434126,31
tm361312,233
ts317239,114
ts87591,233
tm431081,164
tm420800,75
ts80692,114
ts75138,122
tm373134,225
tm348191,177
tm375091,233
ts55576,233
tm307383,75
tm307383,183
tm307383,43
tm307383,187
tm469399,105
tm347060,105
ts76646,114
ts81857,157
tm430660,158
tm430059,177
tm324753,31
tm314138,31
tm327619,105
tm244473,166
tm244473,113
tm244473,57
ts84985,77
tm371622,10
tm464947,164
tm442354,105
tm439678,10
tm446558,225
tm366383,225
tm414340,233
tm197806,233
tm361161,77
ts86302,101
tm431169,228
tm431169,233
tm344562,127
tm363878,105
ts84038,233
tm426238,158
ts74805,233
tm518107,164
tm404449,157
tm323602,75
tm438250,157
tm438250,10
tm351181,225
ts82591,114
tm374395,105
tm360763,101
tm423802,10
tm442805,225
tm345960,157
tm319127,233
tm319127,105
tm430666,158
tm431214,123
tm369315,105
tm408781,178
tm361633,82
tm327636,233
ts119220,233
tm349418,164
ts85250,233
tm153164,105
tm428982,65
ts56251,114
tm447263,233
tm346398,233
tm305227,157
tm446104,177
tm459024,10
tm459024,110
tm373864,10
tm306680,999
tm286520,233
tm447261,233
tm307698,177
tm244277,105
tm376844,157
tm376844,49
tm814861,105
tm352642,127
tm352642,183
tm346390,233
tm313118,225
tm423315,174
tm417488,65
tm353791,177
tm444576,233
tm434776,233
tm445258,999
ts55735,228
ts82160,233
tm364769,105
tm364769,168
tm411508,105
tm319477,233
tm433215,177
tm456983,105
tm320756,999
tm466084,75
tm430459,157
tm413266,38
tm413266,114
tm413266,233
tm404569,105
tm325610,233
tm321563,59
tm321563,89
tm321563,77
tm1063790,47
tm358239,233
tm354136,157
ts54112,228
tm411649,105
tm350945,101
tm244310,105
tm370781,46
tm376709,46
tm376709,157
tm376709,233
tm368284,49
tm328041,105
tm328041,19
tm375836,127
tm404610,233
tm358370,105
tm367105,49
tm289882,177
tm370472,999
tm369453,157
tm426367,157
tm438005,177
tm416134,10
ts97584,233
tm369210,49
tm371741,49
tm478147,167
tm478147,164
tm840936,999
tm349134,46
tm459527,225
tm440324,49
tm450512,178
tm403197,127
tm429383,122
tm458074,31
tm440208,229
tm336084,105
tm450769,105
tm362737,43
tm480647,116
tm479734,247
tm479734,38
tm478654,233
tm369079,233
tm420789,105
tm368448,68
tm411528,233
tm348281,77
tm423593,101
tm438105,56
tm471288,247
ts80751,233
tm346867,233
tm312738,105
tm404828,122
ts57116,13
tm242887,105
tm494577,164
tm444799,38
tm479933,999
ts80993,48
tm371188,101
tm367613,105
tm369452,10
ts81828,233
tm430281,105
tm445852,999
tm512751,164
tm368697,177
tm452767,999
ts236619,233
ts85660,122
ts268283,114
ts86360,48
tm368006,233
ts58061,48
tm834886,123
tm309251,105
ts80671,233
tm320949,157
tm438423,177
tm325650,233
tm325650,48
tm325650,13
tm428877,225
tm478967,2
tm364525,233
tm369456,999
tm447514,233
tm476959,127
ts84372,122
tm422510,65
tm362878,101
tm449262,105
tm407881,75
tm426994,105
tm421161,233
tm246330,105
tm858471,38
tm465864,2
tm493814,101
tm491499,2
tm481189,105
tm433087,158
ts84341,228
tm332572,105
tm421125,65
ts250172,31
tm332500,177
tm436704,233
tm441915,233
tm460198,164
tm327926,2
tm327926,127
tm458186,19
tm478701,164
ts78444,233
tm426260,101
tm1146751,229
tm463592,114
tm463592,77
ts86497,233
tm441050,233
tm441050,77
ts216679,233
ts87466,114
ts82915,77
ts81007,77
ts88361,233
ts76645,233
ts57327,233
tm681578,233
tm366227,233
ts87453,233
ts88613,77
tm832345,179
ts89259,233
ts89339,233
ts82914,233
ts90234,233
ts81120,233
ts224901,77
ts84146,233
ts221904,233
ts82361,114
ts254656,233
ts89840,233
ts235655,233
ts87953,233
tm414584,233
tm414584,48
ts223986,233
tm427335,233
tm427335,38
tm417392,13
tm417392,233
ts252505,233
tm369594,233
ts87248,233
ts103702,77
tm368699,233
ts80962,233
tm863808,247
tm863808,77
tm244149,233
tm827638,233
tm849022,233
ts225651,77
ts221016,77
tm431321,233
ts304505,233
tm403709,77
tm840196,233
ts287836,20
ts284800,77
ts235758,233
ts224303,48
tm827648,233
tm849004,233
ts242210,122
ts252758,233
tm453862,122
ts237107,233
tm448792,233
tm448792,38
ts219660,114
ts95997,233
tm943790,77
ts55762,122
tm847085,233
ts89564,233
tm502532,233
ts84633,114
ts88379,77
tm821789,233
tm417553,233
tm834851,233
tm834851,77
tm845489,77
ts57213,77
ts57213,233
ts82913,233
ts241248,233
ts241248,77
ts80709,233
ts222439,122
ts83082,233
tm824398,68
ts218569,233
ts113842,77
ts223210,233
ts223210,77
tm818266,133
tm818266,166
tm818266,20
tm460948,233
tm911973,233
tm362198,38
tm362198,48
tm362198,233
ts105825,109
tm244207,233
tm372066,233
tm832916,233
tm239927,77
tm239927,233
ts90448,233
ts246072,57
tm428856,13
ts219101,75
ts221200,233
ts83555,233
tm849003,233
ts88577,233
ts223548,233
tm916405,233
tm916405,22
ts84661,233
tm496322,233
ts105047,191
ts241486,114
ts107724,57
tm499045,13
ts87364,233
tm444017,233
ts103133,233
ts227305,233
tm820190,122
ts225522,57
tm943774,233
tm470240,233
tm426428,233
tm458585,233
ts89210,233
ts104401,167
ts83657,233
tm319470,233
tm319470,75
tm319470,102
tm927718,233
tm919961,100
tm919961,233
tm919961,38
ts222988,13
tm1121246,77
tm1121246,233
tm1121246,38
tm925486,233
tm925486,55
tm456436,233
tm456436,38
ts90729,233
tm432765,233
ts224859,233
tm417416,233
ts223530,122
ts103329,114
tm441231,233
tm927037,233
tm443615,77
ts84663,233
ts86165,233
ts215683,48
tm836438,233
tm447788,233
tm447963,233
tm843444,233
ts85398,77
ts218802,233
ts129445,75
ts236685,68
ts84993,233
tm420826,233
tm919864,105
tm927480,233
tm455636,233
ts237499,179
tm983787,233
ts249891,233
ts286390,68
tm877681,233
ts236531,233
tm850404,233
tm821143,233
ts82912,233
tm449105,233
tm449105,57
ts89014,233
tm460124,77
tm460124,233
tm678022,233
ts250801,157
ts281928,233
tm433462,233
ts225867,77
tm441232,233
tm464662,233
tm417055,233
tm456156,233
ts83491,233
tm886464,233
tm853783,77
tm935309,75
tm935309,133
tm935309,77
tm428557,233
ts223404,122
ts93054,233
tm824477,48
tm824477,233
tm435520,233
ts82851,233
ts216522,114
ts221749,114
ts88469,20
tm285317,233
tm443179,233
tm332071,233
ts90019,233
ts223981,233
tm857430,68
tm824331,233
ts88283,233
ts105441,77
tm878333,114
ts220751,38
tm414341,233
tm414341,38
ts88485,233
tm845496,233
tm446176,233
ts90937,13
tm423666,48
ts219080,197
ts250997,233
tm458553,233
tm548602,233
tm423140,77
ts237560,233
tm361998,75
tm418847,57
ts226468,110
ts86908,233
ts222835,57
ts237111,10
ts110703,77
tm348403,77
tm348403,75
ts255427,233
ts255926,233
ts161737,233
tm469193,205
tm469193,20
tm469193,75
tm450262,20
tm450262,197
tm450262,77
ts223344,225
tm449195,156
tm449195,77
tm449195,233
tm307133,233
tm498803,233
tm411750,233
ts93611,233
ts255104,233
ts100116,38
tm458467,233
ts100359,233
tm446609,233
tm817709,77
ts243036,233
ts106536,77
tm853953,233
tm315255,48
tm315255,95
tm361746,77
tm361746,233
tm813695,233
ts222455,233
ts222455,103
ts225101,122
tm498034,233
tm413660,233
tm413660,38
ts89282,68
tm358770,68
tm358770,233
tm845484,233
tm934040,233
tm443154,233
ts236747,233
tm863280,158
ts116814,20
ts251654,65
tm355783,233
tm469991,75
ts268608,77
ts268799,59
ts215691,233
tm375883,68
ts306090,114
tm471878,184
tm471878,233
tm459742,233
ts88699,38
tm918706,233
ts251782,233
tm464351,77
tm464351,233
ts215012,233
tm453099,233
tm893799,20
tm893799,75
tm426638,102
tm426638,77
tm925584,233
ts225787,233
ts192440,233
ts88296,166
tm845549,233
tm845549,77
tm460829,114
ts223126,233
tm845512,233
tm325325,233
ts88262,77
ts236501,68
ts86726,233
tm918734,233
tm918734,77
tm926004,233
ts256309,13
ts89251,233
tm437221,233
ts105645,233
tm817504,233
tm827216,77
tm827216,233
ts225718,75
tm369389,75
tm369389,68
tm369389,233
tm369389,38
tm858954,179
ts252856,233
tm828069,102
tm828069,77
tm852097,114
tm471967,233
tm974366,233
ts215178,233
tm828317,77
tm432022,114
ts93066,233
ts223759,233
ts104840,57
tm455568,233
ts219162,233
tm952590,233
tm931686,233
ts254592,233
ts81646,233
ts219561,233
ts272134,233
ts91039,233
tm812916,75
ts92547,225
ts113506,77
tm898474,75
tm935895,233
tm935895,110
ts87471,114
ts89744,57
tm447159,233
tm447159,75
tm447159,197
tm447159,77
tm447159,57
tm447159,59
tm447159,38
tm852996,233
ts225912,57
ts215341,122
tm676311,233
tm847430,114
tm893480,233
ts250912,233
ts190462,233
ts187541,122
ts105542,233
ts89075,122
tm420455,233
ts237109,157
ts86978,68
tm924991,218
tm924991,233
ts215046,134
tm846964,233
tm436778,233
ts189422,167
ts88151,197
ts223589,233
tm847998,233
ts275111,233
tm814671,233
ts237513,114
tm844250,105
tm819950,56
tm819950,75
tm819950,77
tm885775,233
tm936236,167
tm936236,70
tm890660,68
ts88721,233
ts103209,233
ts223240,122
tm465724,233
ts87008,77
ts89119,77
ts242820,233
tm370530,13
tm845415,233
tm827142,233
ts227385,233
tm922788,233
tm459512,233
tm822246,233
ts251028,228
tm315348,233
tm315348,48
tm315348,218
tm849005,38
ts106015,114
tm839411,110
ts89832,122
tm446625,233
tm827501,233
ts225544,233
tm935878,77
ts237751,177
tm428558,233
ts277126,103
ts84586,233
tm822907,233
ts267956,225
ts87986,233
ts106126,75
tm850723,114
tm854669,233
tm914535,233
tm845535,77
tm845535,233
tm845535,48
ts251094,105
ts251094,233
tm948128,43
tm948128,233
ts89747,68
tm853396,233
tm316311,31
tm316311,75
tm316311,68
tm316311,20
ts221293,122
tm496648,75
ts288350,233
tm902330,77
tm451548,114
ts188991,157
ts188991,68
tm810547,122
tm464557,233
tm469008,233
tm897732,20
tm897732,75
ts268560,122
tm928541,233
ts225460,57
ts225460,12
tm444247,233
ts224072,233
ts83107,233
tm467579,233
ts216493,114
tm500565,233
tm452826,233
tm452826,77
tm475836,233
ts251067,233
ts108392,77
tm451512,77
tm451512,233
tm927286,77
ts222606,122
tm938793,13
ts219895,233
ts101874,49
ts86744,122
ts84129,233
tm941382,114
ts270465,110
ts89326,122
tm933375,75
ts218888,114
ts76382,233
tm833638,114
ts104449,233
ts237096,233
ts251617,233
tm475783,233
tm451078,114
ts91124,122
tm855600,233
tm827508,233
ts88312,75
ts88312,233
ts256007,197
ts89958,122
tm120072,233
tm856375,38
tm462903,233
tm462903,20
ts101408,68
ts219049,228
tm845437,233
tm814150,75
tm461366,179
tm981451,77
tm981451,233
tm855827,233
tm511940,233
ts85480,114
ts315066,75
ts221365,68
tm890674,233
tm524282,233
ts216474,110
ts225860,167
tm881162,233
ts189405,31
ts93482,233
ts236033,233
ts242244,114
tm471922,75
tm877456,233
tm818502,68
ts236725,233
ts113637,68
ts222367,57
tm884511,233
ts252122,122
tm887450,38
tm430171,233
tm936396,233
tm425698,105
tm425698,77
tm371882,48
tm858001,233
tm424074,233
ts222917,233
tm885860,13
tm469400,233
ts86927,122
tm467299,233
ts321758,122
ts252098,77
tm843768,233
tm458721,233
tm918701,68
tm571805,233
tm571805,77
tm501222,68
tm848995,233
ts224164,77
ts215378,225
ts237208,77
ts237208,233
ts251157,233
ts268890,122
ts223192,122
ts218803,233
tm463385,233
tm826563,233
tm826473,228
ts226602,233
tm823355,233
ts255880,233
tm942240,31
tm942240,157
tm483997,77
ts221174,48
ts103360,68
ts220552,233
ts220552,75
tm864480,10
tm864480,68
ts111206,233
ts296153,233
tm898262,10
tm898262,68
tm898262,75
ts254982,77
tm824165,233
tm465231,233
ts215718,122
tm883189,233
ts225328,77
tm458127,233
tm475339,233
ts268551,122
tm881859,233
tm503508,114
tm503508,77
tm827304,233
ts254600,233
tm461829,233
tm434553,233
ts225716,75
tm848996,233
ts225162,233
tm448767,233
ts256783,233
ts89048,122
tm912373,233
ts225669,114
tm670553,228
ts268508,77
tm847629,77
ts103890,13
ts221366,75
ts236388,75
tm893816,233
ts86413,233
tm823488,38
ts218564,233
ts89291,75
tm467804,105
ts254293,233
tm922532,57
ts237104,77
tm844642,233
ts114080,75
tm878842,233
tm855483,233
tm447520,233
ts89876,233
tm679284,233
tm454824,191
ts252341,233
tm453850,122
ts237488,247
tm447439,57
ts222933,75
ts220248,233
tm467467,233
ts269690,233
tm834664,233
ts221363,57
ts268592,999
tm497383,233
tm497383,6
tm497383,113
tm497383,218
tm978401,233
ts256764,48
ts256764,233
ts88471,31
tm449594,75
ts251560,122
tm452851,103
tm452851,233
tm452851,75
tm452851,57
tm554944,110
tm554944,77
tm931158,233
ts237239,49
tm834230,68
tm470836,233
tm472411,13
ts225377,106
tm454375,233
tm837756,157
tm837756,233
ts88909,77
tm305433,233
tm819054,20
tm819054,75
tm863890,57
ts222325,57
ts218500,233
ts187386,38
tm490222,233
ts86928,122
ts89881,233
tm838876,233
tm868777,233
ts90511,157
tm846166,48
tm846166,57
tm846166,77
tm450478,233
ts213232,233
ts185885,57
tm917325,233
tm986700,179
ts217891,114
tm838687,233
ts85619,68
ts268099,233
tm856593,233
tm844662,233
tm446581,31
tm494731,233
tm886283,230
tm886283,77
tm886283,233
tm886283,166
tm886283,179
ts106141,31
ts225430,122
ts257301,38
tm844513,31
ts255809,10
ts192297,77
ts192297,166
tm884369,38
ts189629,10
ts216593,157
ts82739,166
ts82739,20
tm858416,105
tm836662,13
ts226588,233
ts222634,31
ts223895,122
ts251615,233
tm812998,225
tm889629,233
ts254568,57
tm977997,233
ts223077,233
ts226617,233
tm897170,75
ts110637,75
tm917974,233
ts213820,233
ts88744,77
ts90621,105
ts90995,157
ts88841,122
tm916997,233
tm852662,110
tm376739,233
tm849937,154
ts93981,157
ts102933,68
tm932609,110
tm898169,233
tm851346,233
ts252661,68
ts314648,77
tm894619,38
tm894619,233
tm885805,233
tm483420,77
tm918853,233
tm814644,233
ts90413,75
ts90413,233
ts306187,233
tm857187,233
ts225102,122
tm855535,179
tm514494,57
tm514494,68
ts214280,157
ts187443,68
ts251420,233
ts225410,157
tm453903,68
tm843938,110
tm674099,110
ts86946,75
ts90645,68
tm835432,68
ts113748,233
tm413558,20
tm413558,117
tm413558,75
tm413558,134
tm470560,233
ts90095,113
tm954543,233
ts235672,105
tm434830,38
tm893680,233
tm824559,233
tm835486,233
ts237014,49
ts87224,49
ts223238,122
ts88271,48
ts90280,157
ts288353,31
ts188840,233
tm915043,233
ts218277,10
tm887369,233
ts89231,233
ts251512,233
tm493175,77
tm283581,105
tm917036,233
ts104485,218
ts222049,233
ts223456,233
ts237773,110
tm861718,77
tm458893,189
ts250800,31
tm854278,75
ts110635,110
ts191121,31
ts236051,68
ts213544,122
ts89028,105
tm898699,233
tm840224,233
ts87320,38
tm453098,122
ts269501,10
tm848443,105
tm898773,105
ts90356,114
ts103213,247
tm883441,68
tm813929,164
ts238242,49
tm857921,183
tm857921,187
tm465408,233
ts220983,122
ts187070,233
ts256853,48
ts251621,233
tm452573,233
ts89347,233
tm822596,57
ts250920,233
ts105192,13
tm319139,105
tm495609,105
ts85451,68
ts89583,38
ts104168,233
ts87488,233
tm470597,48
tm470597,233
tm502151,68
ts245653,157
ts254045,233
tm456074,233
tm461159,38
tm816593,233
tm454861,157
tm850862,233
tm860965,233
ts252166,122
tm919106,77
ts87473,114
tm467848,114
ts223659,105
tm845532,233
ts225539,122
ts190452,68
tm836674,233
ts222438,114
ts90902,122
tm912400,77
ts251119,218
ts88821,48
ts91034,105
tm816038,114
tm943718,233
ts101060,233
tm423624,105
ts88133,48
ts317497,68
tm518467,68
tm518467,20
tm518467,57
tm826368,233
tm454096,233
tm987599,233
ts87361,13
ts104507,228
tm831873,10
tm856424,105
tm884581,31
ts218176,233
ts217719,233
tm885669,233
tm843276,10
tm941531,110
ts221851,122
tm873159,48
tm430106,190
tm430106,234
tm430106,10
ts254737,38
ts224794,233
ts88552,10
ts91087,122
tm836638,20
tm836638,75
tm836638,110
ts255418,999
ts88352,122
tm452440,31
ts83810,75
ts83810,233
ts83810,114
ts252318,233
tm949267,10
tm820116,75
tm458363,233
ts236332,233
ts89331,114
tm856545,10
ts219422,122
tm886214,105
ts237071,114
tm425944,198
tm425944,75
tm425944,166
ts84639,114
tm888080,233
ts191285,48
tm925490,114
tm925490,233
tm925490,48
tm450095,114
tm452867,122
ts87372,114
tm450698,75
tm450698,110
tm895839,110
tm454156,68
tm897418,75
tm857397,10
tm960414,233
tm475430,48
tm897771,233
tm351938,75
tm351938,20
tm460360,75
tm460360,68
ts90789,233
ts256606,233
ts222609,122
ts59542,157
tm494531,68
tm1127695,68
tm1127695,75
ts235979,228
tm818786,68
tm818786,157
tm674135,225
ts227412,77
ts87698,68
ts87680,157
tm817087,110
ts251378,31
ts90980,233
ts225513,31
tm484989,68
tm455197,105
ts88937,247
tm431349,105
tm886086,233
tm889679,233
ts85510,233
ts101042,157
ts223690,48
tm835869,233
tm835869,103
tm450673,233
ts218367,10
ts90508,77
ts256784,233
ts253549,13
tm455410,75
ts108593,233
ts222803,174
ts222803,10
tm470378,233
ts236182,233
tm472766,31
tm857399,233
ts226403,31
tm428506,105
tm464435,233
ts218890,114
ts89361,68
tm832903,31
tm910612,20
tm885845,233
ts252141,13
tm468724,48
tm468724,233
tm925218,95
tm925218,48
tm1147120,233
tm973704,105
tm485801,68
tm485801,184
tm954606,57
ts223242,122
tm458418,122
ts251618,77
tm458326,233
tm948916,12
tm948916,57
ts251061,48
ts224891,114
tm917822,233
tm464888,105
tm846941,233
tm848663,105
tm854876,110
tm882887,233
tm882887,10
tm473601,10
tm821164,233
tm821164,114
ts250871,233
tm840723,105
ts243256,233
ts224796,158
ts224796,228
tm857051,105
tm458328,105
tm931330,122
ts105608,10
ts222980,233
tm944631,157
ts89315,75
ts269157,75
tm889200,114
tm823302,31
tm847623,233
tm832843,233
tm375446,57
tm375446,167
tm822832,177
tm822832,233
ts103935,49
tm849407,57
ts223084,228
tm898759,233
tm889390,233
tm889018,46
ts224198,122
tm946604,12
ts100354,10
ts254817,57
tm450375,105
tm954303,68
tm954303,49
tm452962,75
tm452962,68
tm452962,233
tm493511,105
tm881891,233
tm460815,105
tm883113,20
tm883113,75
tm880059,233
tm998899,47
ts253288,233
tm474862,233
tm372035,75
tm449590,233
tm849251,10
ts89340,157
tm975765,31
tm827640,233
tm850454,233
ts270439,233
tm947555,233
tm835305,233
tm843944,157
ts217356,105
tm460259,10
tm460259,38
tm460259,46
ts256898,57
tm879609,77
tm879609,38
ts88336,233
tm426630,105
tm932595,233
tm451584,101
ts254537,31
ts268758,105
tm918962,38
tm1081074,233
ts86365,114
tm466832,114
ts218504,38
tm945825,233
tm927926,157
ts225379,122
tm474548,233
tm819107,233
ts89330,114
tm827168,114
tm827168,233
tm838869,75
ts91125,122
tm812781,233
tm884616,46
tm945168,65
tm945168,233
tm933639,233
tm847805,105
tm938227,233
tm910999,157
tm980097,110
tm475501,233
tm845552,233
tm948607,38
tm818588,157
ts250803,77
ts250803,233
ts79695,31
tm852060,10
tm469432,13
tm469432,77
tm842829,177
tm898180,77
tm461827,68
tm814734,57
tm450832,75
tm849131,77
tm925858,68
tm925858,233
tm925858,20
tm932201,218
tm932201,233
ts90640,127
tm428702,233
tm475162,233
tm475162,38
tm853910,157
ts262037,122
ts270742,122
tm818154,233
tm450462,105
tm474695,68
tm447755,13
tm465984,48
tm465984,68
tm429172,68
tm825102,233
tm825102,77
ts237304,233
tm821662,105
tm819497,57
tm465427,177
tm452929,68
tm937265,157
tm421560,75
tm421560,20
tm973536,233
tm854682,157
tm466255,233
tm462551,68
ts214462,49
tm833382,225
tm863879,105
tm912327,122
ts251272,233
ts269073,105
tm473813,105
tm840761,77
tm840761,233
tm878995,233
tm982100,233
tm483602,105
tm931436,75
tm931436,114
tm931436,77
tm931436,233
tm931436,38
tm838705,233
tm901947,228
tm975398,57
tm470252,233
tm463038,68
tm462778,233
ts214192,157
ts104483,105
ts250872,233
tm830795,218
tm849323,105
tm919920,105
tm455981,105
tm462611,157
tm453727,233
tm814894,68
tm816992,95
tm816992,48
tm477006,105
tm839761,177
ts269740,247
tm908529,157
ts87489,233
ts216698,77
tm944331,233
tm940566,105
tm979689,233
ts217389,105
tm851912,105
tm926528,105
tm838765,233
tm890591,174
ts223982,75
tm844497,233
tm856945,38
tm856945,233
tm977952,179
tm857805,228
tm892081,233
tm912190,105
tm678851,105
tm919903,157
tm919903,49
tm919903,75
tm474061,233
tm675171,233
tm467116,233
tm467116,197
tm494847,105
ts103918,49
tm373471,105
ts214463,233
tm511991,105
ts223308,233
ts218000,127
tm946360,233
tm938466,166
tm850730,68
tm842817,164
ts218307,233
ts222942,233
tm884531,57
tm871330,233
ts223110,233
tm957567,57
ts226410,48
tm841410,233
ts222599,233
tm431810,77
ts112733,105
ts224906,48
tm946801,31
tm918373,233
ts105601,233
tm869373,114
ts214861,233
tm957903,233
tm946927,233
ts228502,233
tm466954,233
tm843345,122
tm843345,233
ts217045,114
tm889647,233
tm847008,75
tm847008,31
ts112667,233
tm845850,157
tm845850,233
ts251929,233
tm946718,38
tm946718,130
tm844208,68
ts221041,218
tm462660,218
ts101503,233
tm977478,233
tm910040,233
tm452574,233
tm483511,105
tm469966,75
tm469966,187
tm469966,137
tm420181,233
ts90063,48
tm828326,233
ts89182,228
ts252015,233
tm455161,105
tm919082,77
tm452996,233
tm866782,225
tm935388,105
tm1096875,233
tm826875,75
tm882875,114
ts251072,218
tm897794,164
tm828570,105
tm825952,233
ts88608,105
tm462277,105
tm943771,102
tm943771,233
tm838007,105
tm817284,101
tm887052,233
tm834608,234
tm918960,38
tm977782,38
tm459329,105
tm933826,105
tm849599,10
tm838022,105
tm863514,105
tm981475,68
ts237556,49
tm461726,233
tm845616,218
tm872732,77
tm854454,105
tm810423,233
ts89696,157
tm849102,105
tm946277,105
ts266966,123
tm925186,8
tm925186,247
tm514257,68
tm1013697,164
tm863992,68
tm882700,68
ts251616,57
tm841239,233
tm851862,157
tm837648,75
ts253722,233
tm976632,105
ts221151,233
tm843958,233
tm431769,57
tm431769,105
tm431769,12
tm366245,105
ts241460,193
tm1079495,13
ts269844,105
ts256297,228
ts236197,38
tm472195,233
tm971431,109
tm466426,233
tm943808,10
tm451852,101
tm844978,91
tm844978,234
ts88166,157
tm918043,105
tm835512,233
ts256134,233
tm918258,10
tm918258,49
ts89895,233
tm972010,228
tm426634,187
tm426634,212
tm426634,75
tm426634,127
tm442199,48
tm908777,31
ts225647,122
ts105589,233
tm852728,101
ts103574,205
ts269283,105
tm847678,114
tm835414,105
tm859143,105
tm812593,49
tm825210,31
tm810642,105
tm845370,233
tm845370,157
tm457296,233
tm822271,101
ts236769,233
tm810836,105
tm473647,233
tm452900,46
tm840216,233
tm857873,105
tm492043,105
tm854749,110
tm923612,114
tm456894,233
ts92405,105
tm465513,233
tm973335,105
ts223062,218
ts222625,48
tm234980,228
tm980358,233
tm468200,105
tm837690,105
tm885364,157
tm845588,233
tm828318,105
tm893874,105
ts189314,233
tm929600,31
tm845594,105
ts266898,31
tm464212,75
tm832463,105
tm842976,10
tm824324,65
tm463814,110
tm845117,233
tm834121,157
tm834121,233
ts233367,68
tm456271,127
tm850382,105
tm824560,164
ts236653,233
tm863611,105
tm813936,233
tm832844,77
tm1149814,247
tm982569,233
tm468651,247
tm881575,233
tm881575,68
tm907704,233
tm494190,159
tm462037,46
ts269085,46
tm946795,164
ts257243,233
tm474647,114
ts88146,233
tm822502,31
ts223454,218
tm484173,105
tm918894,75
tm842869,75
tm847212,105
tm931701,164
tm1020701,157
tm457410,225
tm917999,233
tm461532,225
tm862830,247
ts221891,157
tm851860,157
tm949905,105
ts90466,95
tm920320,59
tm920320,65
tm920320,57
tm476922,127
tm976168,13
ts89336,233
ts89656,48
tm845942,233
tm950808,105
tm507191,228
tm474496,46
ts213611,218
tm115973,105
ts214579,114
tm823459,233
ts252695,233
tm817542,114
tm983091,233
tm896246,233
tm845607,233
tm881984,105
ts217553,95
tm917846,247
tm921416,105
tm881973,38
tm452237,233
tm851499,105
tm813938,233
tm818499,198
tm818499,158
tm819016,49
tm1080109,164
tm920599,38
tm848261,105
tm908128,105
tm813634,105
tm941493,38
tm477403,105
tm854786,105
tm825934,38
tm825934,233
tm843143,101
ts90643,123
tm813423,233
tm813423,166
tm813423,38
tm813423,127
ts230973,114
tm927033,38
tm830833,233
tm887376,114
tm887376,233
tm887376,75
tm859424,3
tm859424,57
tm859424,183
tm677746,75
tm677746,105
tm677746,187
tm810873,105
tm475638,31
tm437379,157
tm437379,233
tm981956,233
tm902363,10
tm839479,177
tm405637,65
tm982018,233
ts223098,31
tm885948,105
tm475815,105
tm435836,105
ts89679,228
tm1028083,38
tm824566,183
tm824566,59
tm824566,127
tm813075,233
tm837843,233
tm837843,77
tm837843,57
tm893510,105
tm847630,110
tm852775,105
tm430120,234
tm430120,157
tm430120,68
tm866495,101
tm439365,105
tm683841,95
tm683841,177
tm922407,105
tm822272,101
tm832684,233
tm984018,233
ts224261,57
tm373655,105
tm452578,233
tm840208,77
tm886360,233
ts225708,193
tm819841,177
ts215166,114
tm832289,164
tm1026231,114
tm464509,105
tm938186,247
tm912399,75
tm824858,177
tm835958,38
tm1047951,164
tm947446,177
ts251783,233
tm1026240,114
tm454464,48
tm373452,105
tm843222,114
ts45322,48
tm929614,75
ts223121,218
tm854261,225
tm937044,75
tm435327,101
ts78324,233
tm834715,105
tm1036794,101
ts223115,218
tm814652,105
tm835445,233
tm461427,105
tm815438,65
tm468811,105
tm883070,197
tm929630,233
tm810357,38
tm1005937,164
tm831934,164
tm830151,101
ts222802,48
tm899554,82
tm860204,241
ts237487,233
tm975616,31
tm840242,233
ts87599,48
tm1114639,105
tm838954,158
ts268648,31
tm844236,38
ts90568,218
tm938434,158
tm466854,105
tm894858,123
tm472999,105
tm469510,105
tm924556,105
ts268997,228
ts221472,65
tm831196,105
tm918959,233
tm831125,233
tm674494,164
tm474618,233
tm474618,157
tm675214,164
tm453994,38
tm453994,167
tm677904,164
tm890479,233
tm476708,225
ts235689,48
ts235689,228
tm935941,77
tm936519,65
tm834653,65
tm834653,193
tm472961,233
tm818239,105
tm852207,127
tm852207,77
tm852207,59
tm820338,228
tm675154,105
tm945831,233
tm679270,105
tm540277,234
tm844201,233
tm488551,105
tm882222,2
tm840152,166
tm840152,183
tm840152,233
tm840152,127
tm475254,19
tm1031016,164
tm478962,105
tm1068745,164
tm916008,75
tm476593,105
ts222901,228
tm814953,101
tm836077,49
tm935993,228
tm848444,193
tm882606,105
tm942492,233
tm942492,38
tm976519,233
tm483103,65
tm888850,114
tm826677,218
tm1088545,164
tm833555,122
ts213071,218
tm435295,101
tm678035,2
tm846630,101
tm885938,31
tm824855,177
tm894241,105
tm464284,95
tm922943,13
tm878492,164
tm977184,233
tm873655,164
tm925702,198
tm811954,105
tm837042,114
tm1000551,164
tm981675,233
tm896976,233
tm460199,105
tm816983,123
tm823848,65
tm822167,177
tm918704,999
tm837802,31
tm989205,10
tm853091,65
ts258169,233
tm919210,105
tm1028068,101
ts223078,233
tm849565,101
tm1000166,101
ts234501,233
tm944307,225
tm510525,105
ts235916,105
ts269280,247
tm472231,101
tm460149,101
ts222838,233
ts255823,177
tm856372,193
tm493556,105
ts234505,75
tm530822,233
ts215862,233
tm1073298,164
tm816432,105
tm461907,105
tm463217,105
ts236850,127
tm454431,95
tm446480,101
tm869307,164
tm979073,101
tm1041549,164
tm879556,233
ts90648,123
tm454338,177
tm470687,49
tm474405,177
tm474405,114
tm471802,105
tm902993,233
ts89740,95
tm836449,114
tm462809,101
tm455715,101
tm476496,105
tm898322,164
ts304136,122
tm901961,218
tm846354,101
tm823350,31
tm915354,228
tm451502,105
tm450129,177
tm921230,101
tm826983,177
tm451269,177
tm840236,101
tm460411,225
ts224956,106
ts283159,95
ts264270,77
ts264270,233
ts217231,77
ts90093,233
ts342732,233
ts108385,233
tm1082564,233
tm1043537,77
tm1043537,233
tm674063,38
tm674063,89
tm674063,171
tm674063,77
tm674063,13
ts225061,233
tm1166024,77
tm1075698,233
ts344184,233
tm1120543,233
tm1185367,233
ts256310,233
ts270910,233
ts222333,233
tm1083293,233
tm979026,233
ts301625,179
ts311987,233
ts215951,233
tm856378,233
ts307973,233
ts240453,197
ts333834,233
tm852172,166
tm852172,233
ts294338,233
ts294338,77
ts256072,233
ts256710,233
tm413169,233
tm413169,13
ts343599,77
ts220305,122
tm1185374,233
tm1064065,197
ts343432,225
tm1137051,114
tm1080083,77
tm1080083,233
tm1080083,89
tm1191224,179
ts331448,68
tm370144,233
tm404856,233
ts281927,77
ts223537,233
ts340376,49
ts346959,233
ts87242,233
ts296046,75
tm937814,233
tm937814,12
tm937814,77
ts328625,233
tm825714,233
tm1196288,233
tm1014947,59
tm1014947,109
ts227473,233
ts321918,233
ts225855,122
ts257504,68
tm1142224,77
tm1185360,233
tm1165983,77
ts102086,77
tm857461,105
ts330402,233
tm1120855,233
ts329699,233
tm1019177,43
tm1019177,57
tm1166288,38
ts237722,233
tm1166020,75
tm1066826,233
ts85985,233
tm991529,110
ts343430,75
tm1092864,57
tm1092864,77
tm1092864,233
tm986168,233
tm983784,171
tm1150385,77
ts232107,122
ts237713,233
tm1033470,233
ts300391,13
ts300391,233
ts94677,233
ts251675,122
ts234817,233
tm1185687,247
ts286731,114
ts314164,122
ts327074,233
tm1111987,77
ts279892,233
tm946869,233
tm471968,77
tm471968,233
tm471968,38
tm1138477,233
ts311985,233
ts250998,166
ts331681,233
tm1048362,57
tm1048362,233
tm501313,75
tm501313,57
tm501313,233
tm1110527,166
tm983723,77
tm983723,233
ts225645,233
tm1046026,167
ts296472,59
tm1022103,68
tm456513,233
ts321513,122
ts311989,233
ts310057,233
tm1119272,233
ts225657,233
ts229335,197
tm1038686,233
ts287976,197
tm347095,75
tm347095,233
tm855839,59
ts255037,233
ts312984,122
ts95572,77
tm1048678,233
ts287352,103
ts346034,233
ts346500,77
tm851128,75
tm1179973,77
ts273436,233
tm1046932,114
tm1046932,218
tm1046932,233
tm861000,38
tm861000,77
tm861000,233
ts237972,109
ts262246,77
ts330347,179
ts328541,77
ts302363,122
tm859005,10
tm1002815,38
tm1002815,233
ts88578,233
tm817075,179
ts308845,57
tm1087461,77
tm1087461,197
tm1188819,57
tm1092958,189
tm1092958,233
tm416779,233
tm1000619,105
ts330425,233
tm1187913,68
ts282131,77
tm1141439,233
tm1185388,110
ts331680,233
ts220553,77
tm1003630,75
tm1003630,233
ts328194,122
tm1046627,38
ts307649,233
tm810504,122
tm1046264,68
ts296214,233
tm1201670,233
tm1185506,179
ts283080,157
ts287438,68
ts219423,233
tm992844,77
ts108042,157
tm1075215,233
ts271413,233
ts281062,167
ts343427,233
tm1003034,179
tm1003034,122
tm1003034,233
tm813078,187
tm813078,157
tm813078,233
tm813078,43
tm813078,10
tm813078,31
tm813078,57
tm1110150,233
tm1000147,77
ts271867,122
ts272980,77
tm1027081,77
tm1027081,57
tm974195,114
tm1021871,233
ts273229,68
tm1063652,233
tm841825,38
tm841825,102
tm841825,233
tm993670,233
ts328605,225
ts314135,233
tm1151272,105
tm1005109,122
ts287559,233
tm897466,75
tm897466,134
tm314863,233
tm841797,233
tm977704,77
tm525645,233
tm1141594,233
ts330289,31
ts270405,233
tm1107225,68
ts271595,233
tm993838,13
ts290643,114
ts329700,233
tm1020820,77
tm1020820,233
tm1191860,233
tm999927,157
tm1198745,38
tm1198745,233
ts314594,233
tm1093099,233
ts315611,233
ts315611,31
ts297483,122
tm858869,57
tm858869,233
ts343404,105
tm833216,233
tm1159163,233
tm1096775,233
ts343251,122
tm912100,77
tm912100,233
tm458292,122
tm981945,77
tm981945,38
tm465421,122
ts1475,59
tm1108321,233
ts297846,110
ts288087,77
tm992260,233
ts329885,75
ts296563,48
ts304053,233
ts253813,184
ts284702,233
tm1079334,233
tm1079334,166
tm1108648,68
tm824160,233
tm459789,233
tm919880,233
tm919880,77
ts299865,233
ts269676,233
ts104499,177
ts288744,122
tm1038344,233
ts287532,233
tm863351,233
tm976166,233
tm949309,105
tm949309,198
tm949309,233
tm1018890,233
ts319303,114
tm1064228,233
tm1064228,38
ts314742,233
tm1018427,233
tm855075,114
tm1104532,233
tm1165219,233
ts272463,233
ts286317,233
tm1020851,233
tm1020851,13
ts320426,233
tm1138870,105
tm1158704,233
ts296825,75
tm1044275,110
ts256311,114
tm1187638,233
ts269881,114
tm1182144,68
tm1146393,10
tm1038327,31
tm1038327,110
tm1080252,31
ts287294,233
tm1173806,105
tm1198504,114
tm473502,105
ts312071,114
ts271888,233
ts250092,114
tm1073510,100
tm1073510,166
tm1073510,43
tm1073510,77
ts302312,68
tm1025493,105
ts287328,233
ts317422,233
tm1195032,105
tm1087160,46
tm1087160,174
tm1038363,233
tm1039147,233
tm1107063,122
tm1167440,166
ts260477,167
ts265991,68
ts304468,122
tm922429,233
ts321614,233
ts315041,122
ts291718,233
tm983658,233
ts329854,122
ts300456,233
ts307925,75
tm898614,233
tm1164962,75
tm1164962,20
tm858000,114
tm922706,233
ts280892,110
tm1183542,105
ts273485,114
ts301915,122
tm1042481,38
ts268102,122
ts282133,75
ts273100,233
ts271604,114
ts313781,225
ts311791,122
ts305264,233
tm1177856,174
tm1177856,68
tm673809,57
tm434625,48
tm434625,233
ts222864,48
tm999817,48
tm1045741,157
tm1045741,233
ts255486,114
ts215989,197
tm1132176,77
tm1020326,233
ts257345,225
tm1038369,233
ts241854,114
tm1141923,233
tm1102868,179
ts288489,114
ts287722,233
tm1052498,233
tm1150872,233
ts270798,122
tm1003353,233
tm881587,101
ts320302,31
ts320302,233
ts288005,122
tm1110389,38
tm1003261,233
ts246178,114
tm1086874,105
ts246073,57
tm863823,233
ts192196,233
tm860261,233
ts216407,233
tm1028298,233
ts271025,233
tm983668,20
tm983668,77
tm983668,57
ts29800,233
tm1120509,233
ts317522,57
ts317078,114
tm166973,233
tm1082314,233
ts305263,233
tm1134006,77
tm1134006,233
ts271321,122
tm1131061,38
tm1131061,77
tm1030495,68
tm1162608,157
tm1120902,57
tm1144897,225
tm863919,233
tm863919,38
tm863919,48
tm1087932,57
ts220196,233
tm1074764,57
ts313689,122
ts289620,105
tm1106212,101
ts301999,179
ts346007,233
ts319333,233
ts313668,110
tm888243,233
ts283610,105
ts315144,233
tm1049155,70
ts306510,122
ts343426,247
ts343426,233
ts271517,233
ts306322,197
tm675820,77
tm1150256,233
tm1087956,233
ts341760,13
ts302714,10
tm993790,233
tm993790,157
ts271593,233
ts310376,233
ts296129,68
ts320557,68
tm984204,233
ts301196,77
tm1020073,233
tm1127479,105
ts320502,233
ts317297,114
ts223450,122
ts255779,233
ts287045,225
ts320183,122
tm1003725,233
tm1003725,77
tm983270,233
tm319224,233
ts301914,122
ts283676,233
ts272669,233
ts268835,122
ts317612,114
ts308511,31
tm1166015,110
ts188861,233
ts308689,166
tm1096769,233
ts269286,68
ts320075,105
ts304058,75
tm1092995,77
tm963182,233
ts296091,68
tm1083068,179
tm1102891,225
tm1137862,110
tm1074621,233
ts72196,233
ts269493,233
ts310331,233
tm960924,105
tm998188,68
tm1036270,247
ts296081,75
tm921206,233
tm921206,247
tm921206,77
ts287802,247
ts239188,12
ts239188,57
ts308039,57
ts283528,38
tm991351,77
tm813372,105
tm1077013,77
ts297031,233
tm972519,110
ts315551,68
tm1092892,233
tm1092892,48
ts306068,110
tm1040688,3
ts319412,122
ts326955,105
tm998858,233
tm1000797,114
tm362072,38
tm362072,233
ts272366,233
ts271726,233
tm880822,114
tm433048,233
tm1031976,105
ts317526,233
tm1125844,218
ts284862,77
ts258415,59
tm872108,233
tm985550,68
tm948681,68
ts302653,228
ts330132,68
ts14520,233
tm1142517,233
ts271720,114
ts282291,110
tm1029256,166
tm1029256,20
ts315549,68
tm1108621,110
ts257817,105
ts296069,68
ts308516,247
tm810494,122
tm950444,105
tm950444,233
tm894254,13
tm894254,233
ts296059,68
tm998726,75
ts104362,233
ts321084,110
ts90023,113
tm1179176,110
ts260502,184
tm834847,247
ts232506,225
ts326029,49
ts317720,233
tm1064532,218
ts312200,68
tm1040671,110
tm984155,233
ts244930,233
tm996010,110
ts272939,233
tm1077201,20
tm1077201,75
ts108621,68
ts292662,233
tm1171107,233
tm1171107,77
tm1038355,75
ts288472,122
tm1041543,233
tm945448,75
tm949382,105
tm1030283,233
ts319460,77
ts302489,233
ts307745,68
ts320872,57
tm1185568,49
ts317423,68
tm421437,166
tm466544,105
ts288065,233
tm1106806,233
tm1106806,77
ts226392,179
ts306188,38
ts312094,114
tm1119136,218
tm1147890,110
tm1098514,228
tm1000599,31
ts288195,31
ts257271,68
tm1104252,233
tm1084481,233
tm1107912,228
tm1002408,57
tm876608,68
tm1119015,114
ts328617,31
ts297247,233
tm1143058,179
ts328317,110
tm1129217,157
tm454879,191
ts282840,233
ts321966,77
ts302058,157
tm996040,110
ts321437,114
ts291150,20
tm982887,233
ts286632,13
ts330012,105
ts329711,193
tm1111920,57
ts317064,68
tm998033,105
tm983730,233
ts235563,157
tm1022893,171
tm1022893,95
ts302570,31
tm1143258,105
ts310335,68
tm1111616,179
tm1011188,166
ts305890,157
tm1159301,233
tm1178876,167
ts331654,157
ts254928,122
ts325756,198
tm1040337,110
ts273245,233
ts287703,122
ts287838,122
ts243780,198
ts243780,233
ts289364,233
ts279953,122
tm1102151,114
ts301609,31
tm979688,114
ts297065,233
ts304709,233
ts273318,233
ts329882,68
tm1018418,233
ts317144,233
tm1165118,225
tm902870,233
tm1091155,233
tm872496,179
ts289261,233
tm1179579,225
tm1111595,233
ts282155,110
ts285469,233
ts272515,75
tm960145,75
tm990835,105
ts299485,68
ts299485,233
ts288540,105
tm1115392,105
tm1082359,77
tm1047190,77
tm1047190,233
tm1038857,77
tm1038857,233
tm1043290,68
tm1115800,233
tm1000037,56
tm1000037,57
ts313902,57
tm1023388,75
tm816591,179
ts275448,122
ts287853,20
ts287853,134
ts342479,38
tm1088320,77
ts287149,233
tm1065788,225
ts270807,122
tm926580,114
ts273461,48
tm1130995,233
tm979182,197
tm1092309,114
tm1031186,68
tm1092075,166
tm1017664,110
ts316965,233
ts297763,233
tm963023,105
tm960430,114
ts300274,233
tm993435,171
ts299321,233
tm1000296,48
ts288997,233
ts292446,105
tm1031448,233
tm992279,31
tm1080406,233
ts258321,233
tm1070032,57
ts289757,105
ts309676,233
ts311958,122
tm890013,31
ts288064,157
tm1129394,233
tm950360,48
tm1165179,158
ts287941,122
tm1001108,233
ts268220,57
tm1119455,233
ts283639,105
tm1063034,233
ts311915,157
ts257315,233
tm1040733,233
tm1006127,233
ts254956,122
tm1022912,105
tm1130275,233
tm886188,110
ts303513,46
tm1094069,75
tm1075596,233
ts287741,233
tm1160938,114
tm1204412,174
ts304690,218
tm1027297,95
tm1172600,68
tm1120937,233
tm1118822,233
tm990983,225
tm867681,105
tm1160424,218
tm1114205,164
tm1049290,179
tm1002869,77
tm1002869,110
tm1150800,38
tm1150800,247
tm861018,122
tm980657,48
tm980657,228
ts285854,127
tm1131895,177
ts307981,233
ts288545,233
ts61384,233
ts296179,157
tm958688,225
ts273275,233
tm1150727,105
tm990972,110
ts320407,114
tm1013111,68
ts293346,233
tm1073802,105
tm1063013,189
tm1063013,197
tm1039422,77
tm859256,105
tm1001267,191
tm1001267,233
ts285471,233
tm1111717,233
ts283614,75
ts283614,110
tm1082515,233
tm876997,105
tm1118234,75
tm1102226,110
tm876083,68
ts285470,233
tm1038364,218
tm1116525,31
ts310628,13
tm1119172,13
tm1119172,233
ts286218,48
tm1049265,179
tm1152224,225
tm1001095,105
ts257873,13
ts296201,31
tm977620,114
tm1045603,157
tm1161223,102
tm1161223,77
ts282876,68
ts331449,31
ts229537,233
ts346656,233
tm989672,233
tm975741,48
tm975741,77
tm1054462,179
ts287729,105
tm1101878,233
ts267062,247
tm986017,228
tm1037704,233
tm1027639,105
tm997608,68
tm1001619,228
ts311887,122
tm1109843,105
tm1074622,233
tm904862,166
tm1025318,105
ts288832,233
tm954297,31
ts272092,233
tm1124066,157
tm1106551,75
ts316882,157
tm1095880,233
ts305732,233
tm1044137,233
ts301964,233
tm1031499,31
tm1029279,233
tm1108010,75
tm919869,57
tm919869,75
tm1000185,179
tm1036542,100
tm1036542,38
tm1020293,193
tm942277,103
tm942277,233
ts302056,233
tm981676,31
tm1037687,197
tm1033803,105
ts285874,68
tm810657,105
tm1027712,13
tm1164320,233
ts282214,218
tm1087383,197
tm988879,75
tm1068777,157
tm1030071,105
tm1037519,38
tm985712,233
tm1142245,105
tm1147172,233
tm869475,105
ts274575,233
ts314962,110
ts319608,31
tm1091823,105
ts289982,218
tm1003376,31
tm1068632,179
tm1111559,157
ts296581,233
tm1039168,105
tm1165244,179
ts321254,105
tm1110205,157
tm983466,233
ts317709,179
tm1064988,95
tm1028026,105
tm1039571,233
tm1053409,247
tm1019865,105
ts293103,49
tm1024062,105
tm1038096,31
tm989502,122
tm1030241,105
tm1099969,247
tm1024535,241
tm1068692,31
tm1127511,177
tm996996,75
ts288861,218
tm462311,20
tm462311,57
tm1120636,233
tm990740,233
tm1166429,31
ts308053,233
tm1141663,225
ts188367,105
tm1033635,233
tm1073555,105
tm1042277,233
tm983722,179
tm1147041,164
tm1183575,122
ts330422,233
tm1102856,57
ts322267,31
tm988801,101
tm855340,105
tm1076198,110
tm1037800,10
tm1029314,225
tm1080114,233
tm1099320,233
tm1099320,77
tm945283,95
ts270616,233
tm1119331,75
tm1022280,105
tm998678,105
ts269300,122
ts272422,233
tm1120766,75
tm1120766,20
tm1018592,101
ts297132,228
ts268103,122
tm1019084,233
tm1019084,38
ts322506,233
ts288544,114
tm1121084,177
tm1049083,177
tm994923,157
ts287804,49
tm863829,101
tm1068720,164
tm1049317,48
tm831387,122
tm1059008,49
tm856634,77
tm856634,105
tm1064193,157
ts320335,31
tm1110241,105
tm1109080,105
tm1043655,164
tm985747,228
tm1015884,247
tm1121098,177
tm1067260,105
tm959213,177
tm918777,101
ts285422,65
tm886193,105
tm987730,105
ts283284,105
ts297685,218
tm1045883,247
tm1032950,38
ts308002,157
tm988613,105
tm1110212,247
ts284885,999
tm1122095,164
tm1038025,247
tm997617,177
ts287687,106
tm1036797,105
tm1027177,105
ts345779,233
tm1082795,49
ts309235,75
tm1091284,105
ts307816,122
tm998544,177
tm982470,225
tm1146635,114
tm1091956,177
tm1091956,74
tm1094060,233
tm1046969,127
tm1063339,122
tm1074617,233
tm1026043,115
tm1080697,229
tm1080697,77
tm1035612,233
tm993616,193
ts273317,105
tm851599,101
tm1040832,177
tm846586,101
tm1106888,225
tm996479,105
tm996479,77
tm1097142,65
ts297061,193
tm878575,101
ts286386,233
tm985215,177
tm1004011,105
ts307884,164
tm1040816,177
tm1014599,164
tm1045018,164
tm1045018,38
